"id","user","userID","game","gameIndex","achieved","percent","total"
"0","04REnyajQ1UpNs6nnNXPhPxlYdK2","1","-KYFZB7NInUeS326RpJH","1","1925","63","3100"
"1","04REnyajQ1UpNs6nnNXPhPxlYdK2","1","-KYFZPwLjPIMVa6CLMJe","2","250","84","300"
"2","04REnyajQ1UpNs6nnNXPhPxlYdK2","1","-KYFZiu_df88yWUvHxVO","3","1150","64","1800"
"3","0J5jNu7OmnVvFidLF8ngEsW7wz13","2","-KYF2x3tmswwWv3nyEGo","1","2775","75","3700"
"4","0J5jNu7OmnVvFidLF8ngEsW7wz13","2","-KYF3AwCyGjr5V-EOVdQ","2","0","0","0"
"5","0m5wLBi34UXjHy8LMQeQsGPkqF52","3","-KYF5YwHQHNdlfkjcorJ","1","1200","75","1600"
"6","0uKu07pstJZdQAQACYKEZKwl4kd2","4","-KYExfrtVM-RNforRAKQ","1","2750","79","3500"
"7","0uKu07pstJZdQAQACYKEZKwl4kd2","4","-KYF1HgA5voqFYCO_Zio","2","2125","76","2800"
"8","0uKu07pstJZdQAQACYKEZKwl4kd2","4","-KYF1XkgMA8hMuF0165l","3","3075","84","3700"
"9","0uKu07pstJZdQAQACYKEZKwl4kd2","4","-KYF1mD_rWJRSznzISY5","4","3150","81","3900"
"10","19TKKRphufR4trh0R1ig4bX6COK2","5","-KcSj6w9ejAerjliLusv","1","1225","59","2100"
"11","1OjmvT2ih6draa2YOyZwuI4ZDRg2","6","-KbZbrqYK3cc2nq7qBGt","1","2375","88","2700"
"12","1OjmvT2ih6draa2YOyZwuI4ZDRg2","6","-KbZxOy32YvRJbpn1gAR","2","1025","86","1200"
"13","1OjmvT2ih6draa2YOyZwuI4ZDRg2","6","-KbZxkGT-OV4HJ4fS9IZ","3","925","85","1100"
"14","1OjmvT2ih6draa2YOyZwuI4ZDRg2","6","-KbZy6iddLDL-VC-yNMU","4","975","89","1100"
"15","1OjmvT2ih6draa2YOyZwuI4ZDRg2","6","-KbZyQ8Jq58aEdwjTfbr","5","825","83","1000"
"16","1OjmvT2ih6draa2YOyZwuI4ZDRg2","6","-KbbD87mQciozfgeLfX-","6","650","82","800"
"17","1OjmvT2ih6draa2YOyZwuI4ZDRg2","6","-KbbDSgcE8xQ0yb9N_9F","7","1075","90","1200"
"18","1OjmvT2ih6draa2YOyZwuI4ZDRg2","6","-KbbDodwxPGgZ1EHoYmh","8","975","98","1000"
"19","1OjmvT2ih6draa2YOyZwuI4ZDRg2","6","-Kbjh31tNhF3gWS83Bhd","9","1350","90","1500"
"20","1OjmvT2ih6draa2YOyZwuI4ZDRg2","6","-KfLzjy3_O6Qn5zs965y","10","725","81","900"
"21","1OjmvT2ih6draa2YOyZwuI4ZDRg2","6","-KfM-5154MXFe-29aAgS","11","900","90","1000"
"22","34W85Aa4pkcOEoOOftbEUVRLR8H3","7","-K_20Mg-0PWP8yYeRFpo","1","725","81","900"
"23","34W85Aa4pkcOEoOOftbEUVRLR8H3","7","-K_20hKLLqpinPaLm0kK","2","1875","86","2200"
"24","34W85Aa4pkcOEoOOftbEUVRLR8H3","7","-K_2127iH9jXgW3dUcGL","3","2250","81","2800"
"25","4Y07tRQsumhszz33EgTre2BG3mK2","8","-KYFXKtktIAAAk_jjV13","1","2425","76","3200"
"26","5UfbfQprNSfxpbCUQ4DK2h6xElJ3","9","-KYFJOhUUJArFoJMlWZn","1","2025","78","2600"
"27","6o8nsLc67nPtIPmmuFE0UdG3iih1","10","-KYKnG_k_9LNM8pXYwiA","1","1550","78","2000"
"28","71bG32N9BxeDhoy3wqjW4AflOcq1","11","-KYFG1h7gbTqyQ231Rex","1","1550","65","2400"
"29","75mZOzels9UwhQKpxf04iyg6mAE2","12","-KYFBU4bXurPlWRP8TGA","1","2175","84","2600"
"30","75mZOzels9UwhQKpxf04iyg6mAE2","12","-KYFBrNQXS8dFJ0YvQW1","2","875","88","1000"
"31","75mZOzels9UwhQKpxf04iyg6mAE2","12","-KYFCDFzBE4vfW8zy-GG","3","900","90","1000"
"32","75mZOzels9UwhQKpxf04iyg6mAE2","12","-KYFCf1Pas-v0sVPBLv4","4","875","88","1000"
"33","75mZOzels9UwhQKpxf04iyg6mAE2","12","-KYGVEmAnzTA99K9mziq","5","800","80","1000"
"34","75mZOzels9UwhQKpxf04iyg6mAE2","12","-KYGVc_kB7p8C2qGlRGj","6","825","92","900"
"35","75mZOzels9UwhQKpxf04iyg6mAE2","12","-KYGVvqHiCx2krh2yH-z","7","925","93","1000"
"36","75mZOzels9UwhQKpxf04iyg6mAE2","12","-KYGWGh3yMnI6j2ngzjP","8","1000","91","1100"
"37","75mZOzels9UwhQKpxf04iyg6mAE2","12","-KaXMtX8ZaqCAPARFaNc","9","950","87","1100"
"38","8B7xwXCkrOatGCeNJhWTCTnej3f1","13","-KeZRNqhIdTGdNWQ8Ket","1","2250","81","2800"
"39","9EGGoT09dwebYGVUJCsNwR698EI2","14","-KYFNEI0BJONulMEvH_C","1","1775","81","2200"
"40","9bmMG1xbbQMuckZ92Da5E1CexLD3","15","-KYFUXBj3CPEu6AY3BdE","1","2925","77","3800"
"41","9bmMG1xbbQMuckZ92Da5E1CexLD3","15","-KYFokud39sCIKRrc4S7","2","2425","90","2700"
"42","9bmMG1xbbQMuckZ92Da5E1CexLD3","15","-KYFp0RtVtn7O3C_UedB","3","3425","91","3800"
"43","9kcTKt5CPVUJGBFSku7TIBxJkY82","16","-Keok1B2nQtS2Sgj-qa_","1","2950","74","4000"
"44","BM6HxytZpfa7MwZAGlUh9wE9HzL2","17","-KZ3CJsV6V7ezHgWSpXg","1","2000","80","2500"
"45","C2nAIpH7HzaT4fuchSPPkWnq9Ek1","18","-Kf2ony3y-baa1MZ0keX","1","2275","88","2600"
"46","DFI2bTstyOXVWJFlE3oMbFi0Cto2","19","-KYOSiQIVioUtiE_7H7c","1","2350","76","3100"
"47","DMAceWb7izO6r7Oh77fFrknooJQ2","20","-KYF8MK2qb3L4oUMmr4B","1","2525","79","3200"
"48","DQ4l5E7LaRNWJ853R2oFSsGOQAB2","21","-KYJ5A-A7NTjfpQDCASQ","1","1800","45","4000"
"49","EoCwFnVjn3QRuvVE8WQHxYiWqQx2","22","-KZYb1o06lg44JbBNgmo","1","1200","67","1800"
"50","EoCwFnVjn3QRuvVE8WQHxYiWqQx2","22","-KZYbQMRf-Gy9hiMYMOK","2","2275","88","2600"
"51","Ezhwiep5ehYXUFFPz7D3zLttK2E3","23","-KYFXvNWqtBd9tYXYeXu","1","1650","79","2100"
"52","G3HTkrbQZ4Q2IMg6TYR7QFVkwHq1","24","-KYFAw0jLK7M7hDaue-J","1","2625","78","3400"
"53","GKMdxG6CwnXsYvXDkWJW3hzN0BO2","25","-Kh6SmUPNjHGQMDtWPQE","1","2375","88","2700"
"54","HzZcR0ujYwVaKj0QdFymaxR8T9w2","26","-KbZvZX9peBJBQiISLUW","1","1375","77","1800"
"55","I7k9nwZpbvQzEueaZf5V4Kx8JuB2","27","-Kh9-zsfbd0bc5n79G4v","1","1425","84","1700"
"56","IdXExLxy6XdvcGTGBeZgVXHZNGU2","28","-KYF6JIxdWxl6YUuVKY-","1","2950","80","3700"
"57","IkmT6OzYRKaMGQC1JoO0ID2yeSA3","29","-KYFUJhx2Xj-3sB05QzG","1","1850","72","2600"
"58","J35xownco3UQSJtObmC5i9z0FB62","30","-KYFWc7x0_95IlSVBiSY","1","2550","83","3100"
"59","JSgjgFbIh8eC9qwTnZLxxGGKNRR2","31","-KYFXRAyVZHJGou7_dk4","1","1200","75","1600"
"60","JSgjgFbIh8eC9qwTnZLxxGGKNRR2","31","-KYFXgsLd-4oPf91hYuR","2","1650","62","2700"
"61","JSgjgFbIh8eC9qwTnZLxxGGKNRR2","31","-KYFXvz6m1q9hUQxg8ui","3","2075","67","3100"
"62","JSgjgFbIh8eC9qwTnZLxxGGKNRR2","31","-KYFY1RuistA9p0TO-gk","4","2875","72","4000"
"63","JmLm1DzJKiWCnLD0ZPptS5uHrRC2","32","-KYFBOXOf_x3xSuORcr3","1","775","87","900"
"64","JmLm1DzJKiWCnLD0ZPptS5uHrRC2","32","-KYFBmdTZfl6T5DnKkap","2","1575","88","1800"
"65","JmLm1DzJKiWCnLD0ZPptS5uHrRC2","32","-KYFCX-F93fbWdU09Tc2","3","1500","89","1700"
"66","JmLm1DzJKiWCnLD0ZPptS5uHrRC2","32","-KYI9cHNh13pvpzmrjVr","4","1450","86","1700"
"67","JmLm1DzJKiWCnLD0ZPptS5uHrRC2","32","-KYIAYL4NvkBPBIFv2SS","5","2800","91","3100"
"68","JmLm1DzJKiWCnLD0ZPptS5uHrRC2","32","-KYIAiEa598N6j_d6259","6","3100","78","4000"
"69","KPX41pkCTkgwn4QbJHdDDj46Srg2","33","-KbFRhQqDuDBmdLZX9zF","1","1775","62","2900"
"70","Kx72ZAtorrWXgiNjJNy4ICp1v0s1","34","-KccS2UFkToUuJiQeDMq","1","2550","80","3200"
"71","L6MGwaC6coWmkKwOQ0VwmroJjra2","35","-KbZbVtjKTgrzYAKN4CM","1","1075","72","1500"
"72","L6MGwaC6coWmkKwOQ0VwmroJjra2","35","-Kb_YqUViUoNWZB5L9tN","2","2525","77","3300"
"73","L6MGwaC6coWmkKwOQ0VwmroJjra2","35","-Kb_ZFuAw7fPKRHiPeQK","3","3100","78","4000"
"74","L6MGwaC6coWmkKwOQ0VwmroJjra2","35","-Kb_ZQnMLyN9ll2yQeX2","4","3075","77","4000"
"75","L6MGwaC6coWmkKwOQ0VwmroJjra2","35","-KbaC4xch0F1IehB89mN","5","3050","79","3900"
"76","L6MGwaC6coWmkKwOQ0VwmroJjra2","35","-KbaCDSrfpTyAmUMZgX3","6","3050","77","4000"
"77","L6MGwaC6coWmkKwOQ0VwmroJjra2","35","-KbaCU1VT7GA8CB-n87-","7","2950","74","4000"
"78","L6MGwaC6coWmkKwOQ0VwmroJjra2","35","-KbaD3aoGzTXM4uprKdG","8","3000","79","3800"
"79","L6MGwaC6coWmkKwOQ0VwmroJjra2","35","-KbaXWOIctPrTA0ThhXz","9","1950","75","2600"
"80","L6MGwaC6coWmkKwOQ0VwmroJjra2","35","-KbaXqXSd7J5I5zLnb7o","10","2125","82","2600"
"81","LVtKuIWzBNaG05MFQTCYNQaDJM92","36","-KgJiIl3Y1i1tJQQW213","1","3175","80","4000"
"82","LsVYf4KJU6gY6ADjzfbJPxMdj5n1","37","-KcILgypyK-vUDnYg9o9","1","2875","72","4000"
"83","LsVYf4KJU6gY6ADjzfbJPxMdj5n1","37","-KcJjwc3zOFvLdefNSCC","2","925","78","1200"
"84","MUb94a2oIhcPEvH5RsOMh0wrxdv2","38","-KYSSxzwlm4jF3E8t0Ry","1","1375","63","2200"
"85","MrXyULb2G4ZVJfiTjIp3cHqnV7w2","39","-KYF81-iie1bxc7dqmVf","1","1475","78","1900"
"86","ODnFrzH6buX0ANuZ069zs3JNUVA2","40","-Kdk4k0XHghTZ-qtbEH8","1","2700","80","3400"
"87","OI3sxl5iqKZJ1OnbrWA56qtrtwC2","41","-KYFWB6n6aoBKLnO3fMY","1","2375","66","3600"
"88","OI3sxl5iqKZJ1OnbrWA56qtrtwC2","41","-KYFWkdBRejZFkhdmVFR","2","2575","70","3700"
"89","OTQ1ZSRS2KfkhEyMOIgpFHFp23r1","42","-KcwnMPvdGZhajoZBwhV","1","1800","75","2400"
"90","OrHQiu9vjTeS4IiZsIOAid3XyMf2","43","-KYFfFBQ__5QpQUPAtiG","1","1550","71","2200"
"91","P6fDyFIAwkes4ubhjDWp8YpYpGL2","44","-KgE6ClMWGmq5ZUSC18z","1","2150","66","3300"
"92","Q9GDTYBp9narcYFJt75ZkLq3IaH3","45","-KcvaGpU9J72SVdCe0NC","1","1825","71","2600"
"93","QGNwwLheyChMvJsFYQUhYCcofjm2","46","-KYF7WyS6bmq3Lt14gLr","1","1800","70","2600"
"94","QnMRWd6gdxSfflPqVxuw1Gu6ADR2","47","-KYFAbmhXbmeVSMGJZ15","1","1575","83","1900"
"95","R9Bf4aeu54Mr9b9srv2K2CS6aTo1","48","-KYF1zsUwN1i9fXuR1pL","1","2025","75","2700"
"96","RYkXN61rm9hmB3AQr2JIcAoc9tc2","49","-KYFDtjF5vh5P5WA33WK","1","3200","80","4000"
"97","T2Lqe6PXDfYwOcvEKgoTNroN2rH2","50","-KYF_SvlqJpQmQ330y7h","1","1875","65","2900"
"98","TM7HcCjzM2Oznfd8ghPBhj1cZ2r1","51","-KYEuyaIpHpVuoZIb7QE","1","1975","50","4000"
"99","TM7HcCjzM2Oznfd8ghPBhj1cZ2r1","51","-KYF9maQf754lMpCzFJD","2","2200","69","3200"
"100","Tr6xVgoboaQJUo0wb5FyNQUcsBh2","52","-KYFhJCsX8pyWgWtSTIi","1","1425","80","1800"
"101","Tr6xVgoboaQJUo0wb5FyNQUcsBh2","52","-KYFhmcHFO5rHxHQV7wD","2","1750","93","1900"
"102","Tr6xVgoboaQJUo0wb5FyNQUcsBh2","52","-KYFiBbRAhOU-35xJcaw","3","2400","89","2700"
"103","Tr6xVgoboaQJUo0wb5FyNQUcsBh2","52","-KYFiV8IePQucCHWQS_w","4","1350","85","1600"
"104","Tr6xVgoboaQJUo0wb5FyNQUcsBh2","52","-KYFiqnzg51xzUg2xh2T","5","1250","90","1400"
"105","Tr6xVgoboaQJUo0wb5FyNQUcsBh2","52","-KYFj8JAaCj1TgYiZJn8","6","1425","95","1500"
"106","Tr6xVgoboaQJUo0wb5FyNQUcsBh2","52","-KYFjYCDgaKiLLSiLeKQ","7","925","93","1000"
"107","Tr6xVgoboaQJUo0wb5FyNQUcsBh2","52","-KYFjodXq21vH6ngZSvT","8","1075","90","1200"
"108","Tr6xVgoboaQJUo0wb5FyNQUcsBh2","52","-KYFk8zvVcxDrKQP-PLC","9","1700","95","1800"
"109","Tr6xVgoboaQJUo0wb5FyNQUcsBh2","52","-KYFkSJBwcYjVhtwkAW1","10","1375","92","1500"
"110","Tr6xVgoboaQJUo0wb5FyNQUcsBh2","52","-KYFklllJO125kd9C71x","11","775","97","800"
"111","Tr6xVgoboaQJUo0wb5FyNQUcsBh2","52","-KYFlADp97OMxD58ib_M","12","1025","94","1100"
"112","Tr6xVgoboaQJUo0wb5FyNQUcsBh2","52","-KYFlZEzXmSnGZnkzhmf","13","775","87","900"
"113","Tr6xVgoboaQJUo0wb5FyNQUcsBh2","52","-KYFlvGZPVZpRBA8LJte","14","1200","100","1200"
"114","Tr6xVgoboaQJUo0wb5FyNQUcsBh2","52","-KYKAl_-ppYQK2EnCl7J","15","2075","95","2200"
"115","Tr6xVgoboaQJUo0wb5FyNQUcsBh2","52","-KYKBDkwLBBXl0LUiEBv","16","2125","89","2400"
"116","UKSIqj7LWESb6OnH8QlTdSD6eOq2","53","-KYF2-87gb5Blij9jTdC","1","1350","72","1900"
"117","UbZpGj3CaIZvvfIgfbLR3SNFSCL2","54","-KbAoOJabi6sW8yxXC8X","1","1775","69","2600"
"118","Uh9KXg5AMKVIyiZKerPGyLyudd23","55","-KYFlEbXK4e9y5n-rHtI","1","2275","74","3100"
"119","UhYOX0p2KfSD8JPLIVv8TncpBCC2","56","-KYE5LYqrqyxlEiPSmNC","1","3675","95","3900"
"120","UnWkBusULRWmB6jHw7g2CuaaY0v1","57","-KeJwJSXtp3Aicwe5AWY","1","2250","81","2800"
"121","VFy2LrRmJ3dOrPLj5qNpAiucFSj2","58","-KYF5PIuC9DGxa7ROD0Q","1","1750","73","2400"
"122","VaV0R7G6GwbV16YwCsochXzHNET2","59","-KYFcBMfcvk1aimnzg1s","1","350","59","600"
"123","VaV0R7G6GwbV16YwCsochXzHNET2","59","-KYFcgUUCRJrpZKozOJw","2","1425","80","1800"
"124","VxkpF2v83ARW47YeUHPFRMWcDTv2","60","-Ke9BJFVcNxEJTEAnw0R","1","1600","67","2400"
"125","W1YR9hrZ2TcTaBrt2g6f3hmTyC02","61","-KYFWjM8q-rmeE43Fb6_","1","2725","69","4000"
"126","W1YR9hrZ2TcTaBrt2g6f3hmTyC02","61","-KYFXEpeoFfH00GkcI4S","2","1975","83","2400"
"127","W1YR9hrZ2TcTaBrt2g6f3hmTyC02","61","-KYGgphMB62_OGWk01qs","3","2950","85","3500"
"128","WixmmC71Bud42DxV8CzyCRqPKl03","62","-Ke4ZL8gZyIRhYpFFEms","1","1025","79","1300"
"129","XPEa6jvzKxUhQIbdrWB9wLknoWk1","63","-KYFWITRZS2USvS7lqrf","1","2800","83","3400"
"130","XPEa6jvzKxUhQIbdrWB9wLknoWk1","63","-KYFWdhmEu9EM16pEQBA","2","3225","81","4000"
"131","XPEa6jvzKxUhQIbdrWB9wLknoWk1","63","-KYFWwLvhKmtGgiLn36V","3","1100","79","1400"
"132","XPEa6jvzKxUhQIbdrWB9wLknoWk1","63","-KYFgfmPSuqkY4YwOcvG","4","3225","81","4000"
"133","XPEa6jvzKxUhQIbdrWB9wLknoWk1","63","-KYJ4JSjmMD396m8WEl4","5","2600","84","3100"
"134","XPEa6jvzKxUhQIbdrWB9wLknoWk1","63","-KYJ4hS_MaZFh7XxnWAb","6","2350","82","2900"
"135","Y9ysoqdvJCTOwSBSyjNVDFJBpxO2","64","-KbZwFX2j_GVdn8Ww066","1","1175","79","1500"
"136","YYEdYvWs5KakAjG4ykVddLWT77u2","65","-KYLKA97YPL9mU9omWtu","1","2450","62","4000"
"137","ZMTNECyA0ZVVfuJYo3e263fbnwU2","66","-KYF23KPLzvGNX-8OZDy","1","2175","75","2900"
"138","a9rPVIu9QMhuMSFgavPwd00uqSK2","67","-KYFY2qEsUXUX3BWvL8F","1","1550","65","2400"
"139","a9rPVIu9QMhuMSFgavPwd00uqSK2","67","-KYFYKXaJ6VBTY-fhglS","2","3275","82","4000"
"140","aIuQr5K1JmQwSrgaWRoED0P6PHz1","68","-KYF5_JILkMgU_tejaaM","1","2100","78","2700"
"141","aIuQr5K1JmQwSrgaWRoED0P6PHz1","68","-KY_yKN-WrKgio2-tOlV","2","3175","89","3600"
"142","acR4B6Z11EP9Fwks2MqFfD0QpBF2","69","-Kf5moAckydz7LgwshQE","1","2425","84","2900"
"143","antwd3AVdTVaQJ10mNQp0Ow5SNh1","70","-KYEP1e0ASdBIomnWsyA","1","2675","73","3700"
"144","atV1Em4nO3Q9Sx9qENuoh2lGJfh2","71","-KYF9cWq5qhtUFbpPXd7","1","1350","62","2200"
"145","atV1Em4nO3Q9Sx9qENuoh2lGJfh2","71","-KYFA1h2TGP2vo8kL4SG","2","2775","80","3500"
"146","b1Hhz7fbhQgPwxJskZJmbwGbuQo2","72","-KeCyTL_kItlrag9DgMe","1","2675","67","4000"
"147","bfX0ede4IIMYXvMJoPdEMRFvtUz1","73","-KYFDtwLRn7TRLorNuRy","1","1775","71","2500"
"148","c7RSBXeG9cT3fknE0D5tu4Qgiw02","74","-KYEGieY0KR64GgjdZHs","1","1725","72","2400"
"149","c7RSBXeG9cT3fknE0D5tu4Qgiw02","74","-KYEI2sfrlpJ3hZMzxij","2","825","75","1100"
"150","cYiVhPok8wR3GHxMIPUz9xTb8as2","75","-KYFXXss37f0SBxx7oeH","1","1175","70","1700"
"151","cYiVhPok8wR3GHxMIPUz9xTb8as2","75","-KYFXnOLv-N9SqnTgMGX","2","1225","69","1800"
"152","cYiVhPok8wR3GHxMIPUz9xTb8as2","75","-KYFYApsjEE2qjfztGej","3","1175","79","1500"
"153","fEoNzVrzodZK8F1EIEJYSbaMVV63","76","-KYFAvgtokxwOJBqNuzu","1","2300","86","2700"
"154","fpkQrbHa6dUi1FxWf9usOaMOeSl2","77","-KYFZ9CfQSm-v-LEos1p","1","1975","71","2800"
"155","fpkQrbHa6dUi1FxWf9usOaMOeSl2","77","-KYFZgZg0nIdpX0cltCO","2","825","83","1000"
"156","fpkQrbHa6dUi1FxWf9usOaMOeSl2","77","-KYF_6OLobludk3PCKoJ","3","725","66","1100"
"157","gCQeOAXdDXhJI6002vNxtfV7Zyu2","78","-KYF2P7btxYwTZtmuPH9","1","1125","75","1500"
"158","gKsZUEaLq4OhWGDqLWHjPqNdgi43","79","-KYFHJvVLZHb6glarkvD","1","2200","71","3100"
"159","gT7ZxA4A7LPOrsPEUw44pYDJCp53","80","-KYE_LMZSmzcSh9HgIgk","1","1325","64","2100"
"160","gZnX0yZ8PITiX0EvSazWm2jfgoi1","81","-KYhYreF1MdsG76eC9M5","1","1925","72","2700"
"161","gZnX0yZ8PITiX0EvSazWm2jfgoi1","81","-KYhZF9-0USg3BwVjFzV","2","0","0","0"
"162","gwfJCWKK3iYfWpl4ct8qeX1qz8L2","82","-Kcn42gccFJLe6MA-BJd","1","3050","85","3600"
"163","hI5vkcP19ib5SbOPk80y57SLeTF3","83","-KeZKiwui0s5kL3hz3oR","1","1850","81","2300"
"164","iDVGTLztSyXSrWmJPVOLVk6dVrt2","84","-KcDR9fB4UC0nbN2vrnp","1","2600","73","3600"
"165","iSSDcDJRKdYxYGUewC14M4FOn793","85","-KfkdbwZmcvWxaltka0z","1","1175","66","1800"
"166","iSSDcDJRKdYxYGUewC14M4FOn793","85","-KfkdvFKG_vWaIBFhB2X","2","1100","74","1500"
"167","j2t9h2aRSochkCsvG8nUTxu6ugB2","86","-KYEoQNDL12jv1iV7maO","1","725","73","1000"
"168","j2t9h2aRSochkCsvG8nUTxu6ugB2","86","-KYEzDBOQoCQQ_0jlrB0","2","1350","85","1600"
"169","j2t9h2aRSochkCsvG8nUTxu6ugB2","86","-KYF-FL-hVLhmOkZTZ0j","3","0","0","0"
"170","j2t9h2aRSochkCsvG8nUTxu6ugB2","86","-KYFUiBcF9vP0vZAX4Uh","4","950","87","1100"
"171","j2t9h2aRSochkCsvG8nUTxu6ugB2","86","-KYFWM50FmbgzZKm5iIT","5","1050","88","1200"
"172","j2t9h2aRSochkCsvG8nUTxu6ugB2","86","-KYGWFwRS7veFkgTeUAX","6","1950","85","2300"
"173","j2t9h2aRSochkCsvG8nUTxu6ugB2","86","-KYGWWuRJ-6fEdNh8vhY","7","1550","74","2100"
"174","j2t9h2aRSochkCsvG8nUTxu6ugB2","86","-KYGWe3FUSmksP0cRdJA","8","3250","82","4000"
"175","j2t9h2aRSochkCsvG8nUTxu6ugB2","86","-KYGWitKUbdBMzAJHR4x","9","3075","77","4000"
"176","j2t9h2aRSochkCsvG8nUTxu6ugB2","86","-KYKA3iuCx_g78duHbP1","10","1675","94","1800"
"177","j2t9h2aRSochkCsvG8nUTxu6ugB2","86","-KYKANm-wPXvpY9ziShc","11","1475","87","1700"
"178","j2t9h2aRSochkCsvG8nUTxu6ugB2","86","-KYKAn-lyrm6Ne6nhb4a","12","0","0","0"
"179","j2t9h2aRSochkCsvG8nUTxu6ugB2","86","-KYKWnTqvQBDPrXT7Ymr","13","1450","91","1600"
"180","j2t9h2aRSochkCsvG8nUTxu6ugB2","86","-KYKX9tms4Cjamk0xH7A","14","1550","97","1600"
"181","j2t9h2aRSochkCsvG8nUTxu6ugB2","86","-KYKXYkefuR0LYROhRo1","15","1275","99","1300"
"182","j2t9h2aRSochkCsvG8nUTxu6ugB2","86","-KYKXsSkpFXK0FqG_DNO","16","1300","100","1300"
"183","jKtr5qwOdNN5S53197g9amLQ1fv1","87","-KYEyn2Vb7cDuq8g12Kk","1","1975","86","2300"
"184","jKtr5qwOdNN5S53197g9amLQ1fv1","87","-KYEzWD10srJcXBfFzJm","2","75","75","100"
"185","jKtr5qwOdNN5S53197g9amLQ1fv1","87","-KYF-TXxz2JKCT-pDKuY","3","100","100","100"
"186","jKtr5qwOdNN5S53197g9amLQ1fv1","87","-KYFD5QsIQE79_RklovM","4","1750","93","1900"
"187","jKtr5qwOdNN5S53197g9amLQ1fv1","87","-KYFDNGbw_1BEwL9oPk8","5","1625","91","1800"
"188","jxDaBQc2e2UjpRqnvH15X5NwlPC3","88","-Ke91JDkcrwOAVXbz9dZ","1","1650","75","2200"
"189","kxtmphTKvTZPzWKLPyg7SrJ7EFq1","89","-KcsxAm_42yepgPF_MFg","1","850","57","1500"
"190","l3bBmPJzRAaXn7umtJIUK125OPk2","90","-KYFBPuSQNMWWSyqNcqf","1","2775","70","4000"
"191","l3bBmPJzRAaXn7umtJIUK125OPk2","90","-KYFCWQ7n4ZxL7OwCV6Q","2","1325","95","1400"
"192","l9JNuTtKJNfYTfILr7mCY0mklqI3","91","-Ke3etDZlSMpfLy_2_WB","1","1950","73","2700"
"193","mbQFZfGFe7aP3ZUkwhcHESUbSbg1","92","-Kb_-6qgytr7albsFhj2","1","2650","74","3600"
"194","mcmhJRUNyNae4FfnN50mgD0QAAT2","93","-KdCYStMr8f4aq9KDGlt","1","2025","55","3700"
"195","mgAnERU3l0RG16sBhUIjmYtKrNr1","94","-KbOzsNw8BfNbEmgpwiS","1","1950","82","2400"
"196","nGabMp1wqoP4slMEY7PzVhlMxwk1","95","-KZHmLyLlBWbPcVWfY9T","1","1725","79","2200"
"197","oaNTpEvs4bMOPZxycCvmT6FKsVA3","96","-KYFTNS9CooUbVPWjxci","1","2600","71","3700"
"198","oaNTpEvs4bMOPZxycCvmT6FKsVA3","96","-KYFl7bNCTb-3updd-aq","2","2925","89","3300"
"199","pdbxuTe21eZakjwD4pUS8QjMw8y2","97","-KYFgkcvoM52SF0ZgXUp","1","2125","82","2600"
"200","pfmRA0bn0Xdry24BDrMC9kmnXQh2","98","-KYF2HJqii17rLGY80bY","1","1900","83","2300"
"201","qMrJJbyhe2SKkmExdzNcMlMVC1D3","99","-KYF1xV_9QOTX2QvPLW9","1","1850","69","2700"
"202","qlRAWBh7EEOd5kCEjYLqLz6j67u2","100","-KcsLnp6f4NlGZhOEskh","1","1575","88","1800"
"203","rLkKTDzQFLQcBjdZreGzqDsXuIm2","101","-KgAL1BXorupGd5XBXjL","1","2625","66","4000"
"204","tANwDFCCfwdUgzh0Rva1Tf7Yazi1","102","-Ke9krP7uoJqRDjeLlpD","1","2600","73","3600"
"205","tQ6R6WbBcoQMuRGQgSEKhPVflxh2","103","-KYGwCaGLkI3bOk-Y02k","1","725","81","900"
"206","tQ6R6WbBcoQMuRGQgSEKhPVflxh2","103","-KYGwYiX88lTpcf7ymiy","2","1175","74","1600"
"207","tQ6R6WbBcoQMuRGQgSEKhPVflxh2","103","-Kb2PxtCNp7eMdho6XhT","3","1200","71","1700"
"208","tQ6R6WbBcoQMuRGQgSEKhPVflxh2","103","-Kb2QGaNY_26a_Wr9x9O","4","1450","81","1800"
"209","tQ6R6WbBcoQMuRGQgSEKhPVflxh2","103","-Kb2QaaSFCZNSXI5rDt7","5","2975","91","3300"
"210","tQ6R6WbBcoQMuRGQgSEKhPVflxh2","103","-Kb2Qu3aXiGWrU0JKW05","6","3425","93","3700"
"211","tQ6R6WbBcoQMuRGQgSEKhPVflxh2","103","-Kb2REOhJH8of4ozu9EY","7","3100","92","3400"
"212","tQ6R6WbBcoQMuRGQgSEKhPVflxh2","103","-Kb2RUCuQw91AOVFq0lT","8","2625","91","2900"
"213","tathAIQslXdtspHBNzrcoearMgA2","104","-Kh9-MkGJohs9cDybQoN","1","1625","82","2000"
"214","uAJ4nRUy0KN4fCFdv3C0qzvv04M2","105","-KYFaxKbb0zqTbfQSrVC","1","2450","85","2900"
"215","uAJ4nRUy0KN4fCFdv3C0qzvv04M2","105","-KYFbB3vQnu-bWT-rtfS","2","1850","78","2400"
"216","uAJ4nRUy0KN4fCFdv3C0qzvv04M2","105","-KYFbPm6g_Op6JzxDgzw","3","2300","86","2700"
"217","uAJ4nRUy0KN4fCFdv3C0qzvv04M2","105","-KYFc_kP9C69Kx8TIdgc","4","1825","77","2400"
"218","uAJ4nRUy0KN4fCFdv3C0qzvv04M2","105","-KYFcfW0V1epU7Aiucms","5","2075","52","4000"
"219","uGSOapuSWZfkLATt17O3ERtfhxM2","106","-Kdfd7hdgFyfRdajzlZ0","1","3250","82","4000"
"220","uy7KtthbKnVlCuzhVH945kZFADL2","107","-KfHIfi7QIoSYRMkGNxR","1","2325","65","3600"
"221","vleUefqBjPVMxHihtsoF732fSHv2","108","-KYF8Cbvx9-1Xda8Sm0T","1","2350","72","3300"
"222","wdFXe6xEBreXiuKyyTRJXYb3fuw2","109","-KYF1uWflgBwAPrUue0e","1","2225","75","3000"
"223","wdFXe6xEBreXiuKyyTRJXYb3fuw2","109","-KYFhIvwDhcM91ZOatYs","2","2750","86","3200"
"224","wdFXe6xEBreXiuKyyTRJXYb3fuw2","109","-KYFhn81q3aCQBb4d4aZ","3","2875","88","3300"
"225","wdFXe6xEBreXiuKyyTRJXYb3fuw2","109","-KYFiAHHvN3H2VXrMvSD","4","3150","90","3500"
"226","wdFXe6xEBreXiuKyyTRJXYb3fuw2","109","-KYFieClhRfgKAhiu8Re","5","3500","88","4000"
"227","wdFXe6xEBreXiuKyyTRJXYb3fuw2","109","-KYFj6T0Dy6XjQFZIMVU","6","3350","89","3800"
"228","wdFXe6xEBreXiuKyyTRJXYb3fuw2","109","-KYFjdoO93rTr5rMalI4","7","2625","88","3000"
"229","wdFXe6xEBreXiuKyyTRJXYb3fuw2","109","-KYFjuJYDZ49t7pnodEo","8","1700","95","1800"
"230","wdFXe6xEBreXiuKyyTRJXYb3fuw2","109","-KYFkPs85UMJPEaRfFOT","9","2225","86","2600"
"231","wdFXe6xEBreXiuKyyTRJXYb3fuw2","109","-KYFkvRFxGXVOT_CeCDP","10","750","84","900"
"232","wdFXe6xEBreXiuKyyTRJXYb3fuw2","109","-KYFlCV6UT9GOelKcfHQ","11","1125","94","1200"
"233","wdFXe6xEBreXiuKyyTRJXYb3fuw2","109","-KYFmJHN4-y8OWJjBACv","12","925","93","1000"
"234","wdFXe6xEBreXiuKyyTRJXYb3fuw2","109","-KYFoAPM17_BXaGNhH9U","13","825","92","900"
"235","wdFXe6xEBreXiuKyyTRJXYb3fuw2","109","-KYFoaBHiZaNbSkf2XXr","14","1300","93","1400"
"236","wdFXe6xEBreXiuKyyTRJXYb3fuw2","109","-KYIKvFzkchh-7FZaUMe","15","1375","99","1400"
"237","wdFXe6xEBreXiuKyyTRJXYb3fuw2","109","-KYILGnX1atfYAZGny28","16","1175","84","1400"
"238","wkakcEccQBPZcLxcKtmvSbdHFRs2","110","-KYEL3XcnD7iRPgY4KWX","1","3200","80","4000"
"239","xIalT9WMsTZFz0OvaFeYQNkfW0g1","111","-KgsujkaGi0Xtv_puKOI","1","1900","80","2400"
"240","xIalT9WMsTZFz0OvaFeYQNkfW0g1","111","-Kgsv6g51mGTfbWljg86","2","2550","68","3800"
"241","xSp2uaoeORRpfEX0VFgL0VO9xvU2","112","-KfbZhCMWL_8_MhVGACa","1","2200","79","2800"
"242","xoqMalxVZsQWKpcOvRlFFvjecCG3","113","-KYEL-xqXu1luW7F7CdR","1","1000","72","1400"
"243","yD3SWfr3CMhA6fRcSwup9DGKcEB3","114","-KYFJNErv9LN3akUXlE4","1","2775","75","3700"
"244","zfvcOKxX1ieZxdvxwBACbbTwZaM2","115","-KYFcp72GAzGaXQJH1Um","1","3125","79","4000"
"245","zfvcOKxX1ieZxdvxwBACbbTwZaM2","115","-KYFcwC51WnysyKyJem1","2","3200","80","4000"