"user","condition","gameIndex","tendency","guessesLog10","guesses","score","userRating","timestamp","user"
"1pt0JjfSSUeZ9jsmIsa4VzWd0SS2","predictable","1","-1.3750","6.28888443721918750","3721962.6250","2.6250","1.2500","11 Jan 2018","1pt0JjfSSUeZ9jsmIsa4VzWd0SS2"
"1pt0JjfSSUeZ9jsmIsa4VzWd0SS2","common","1","-1.0000","3.22592791707440000","1691.6667","2.0000","1.0000","11 Jan 2018","1pt0JjfSSUeZ9jsmIsa4VzWd0SS2"
"1pt0JjfSSUeZ9jsmIsa4VzWd0SS2","random","1","-1.0000","10.12588310070951667","131833354549667.3333","4.0000","3.0000","11 Jan 2018","1pt0JjfSSUeZ9jsmIsa4VzWd0SS2"
"1pt0JjfSSUeZ9jsmIsa4VzWd0SS2","mangled","1","0.0000","3.16121125109893333","4442.0000","1.3333","1.3333","11 Jan 2018","1pt0JjfSSUeZ9jsmIsa4VzWd0SS2"
"1pt0JjfSSUeZ9jsmIsa4VzWd0SS2","passphrase","1","0.0000","17.52880373348940000","337912092346326400.0000","5.0000","5.0000","11 Jan 2018","1pt0JjfSSUeZ9jsmIsa4VzWd0SS2"
"4BAf626ZhOOvlxBayh6FHSJqptk1","predictable","1","-0.5000","6.58188279392205000","5750900.0000","3.0000","2.5000","30 Nov 2017","4BAf626ZhOOvlxBayh6FHSJqptk1"
"4BAf626ZhOOvlxBayh6FHSJqptk1","common","1","-0.3333","2.84987418516245000","1010.3333","1.3333","1.0000","30 Nov 2017","4BAf626ZhOOvlxBayh6FHSJqptk1"
"4BAf626ZhOOvlxBayh6FHSJqptk1","random","1","-0.8000","8.60000003474352000","200000008000001.0000","3.4000","2.6000","30 Nov 2017","4BAf626ZhOOvlxBayh6FHSJqptk1"
"4BAf626ZhOOvlxBayh6FHSJqptk1","mangled","1","-0.2000","3.59833428346254000","6613.6000","1.8000","1.6000","30 Nov 2017","4BAf626ZhOOvlxBayh6FHSJqptk1"
"4BAf626ZhOOvlxBayh6FHSJqptk1","passphrase","1","-3.0000","10.11943622153635000","660083300197.0000","4.5000","1.5000","30 Nov 2017","4BAf626ZhOOvlxBayh6FHSJqptk1"
"5apJd4EOCWbZANt6Q96Hhq5Pkxa2","passphrase","1","-2.3333","13.47783413535640000","1879795362883216.0000","4.6667","2.3333","1 Dec 2017","5apJd4EOCWbZANt6Q96Hhq5Pkxa2"
"5apJd4EOCWbZANt6Q96Hhq5Pkxa2","predictable","1","-0.5000","5.98992421639040000","2002672.0000","2.5000","2.0000","1 Dec 2017","5apJd4EOCWbZANt6Q96Hhq5Pkxa2"
"5apJd4EOCWbZANt6Q96Hhq5Pkxa2","common","1","-0.5000","2.87702119339270000","1025.0000","1.5000","1.0000","1 Dec 2017","5apJd4EOCWbZANt6Q96Hhq5Pkxa2"
"5apJd4EOCWbZANt6Q96Hhq5Pkxa2","random","1","1.0000","7.00000004342940000","10000001.0000","3.0000","4.0000","1 Dec 2017","5apJd4EOCWbZANt6Q96Hhq5Pkxa2"
"5apJd4EOCWbZANt6Q96Hhq5Pkxa2","mangled","1","2.0000","3.78823909738220000","6141.0000","2.0000","4.0000","1 Dec 2017","5apJd4EOCWbZANt6Q96Hhq5Pkxa2"
"7CAuO7xJuMf7kBcnNd5btXsSjrw2","random","1","-0.5714","10.00000001253868571","144287431428572.4286","4.0000","3.4286","6 Dec 2017","7CAuO7xJuMf7kBcnNd5btXsSjrw2"
"7CAuO7xJuMf7kBcnNd5btXsSjrw2","mangled","1","0.5000","3.80502343737840000","6533.0000","2.0000","2.5000","6 Dec 2017","7CAuO7xJuMf7kBcnNd5btXsSjrw2"
"7CAuO7xJuMf7kBcnNd5btXsSjrw2","passphrase","1","-2.0000","10.83923159435490000","666150846472.0000","4.5000","2.5000","6 Dec 2017","7CAuO7xJuMf7kBcnNd5btXsSjrw2"
"7CAuO7xJuMf7kBcnNd5btXsSjrw2","predictable","1","0.0000","6.00175812529260000","4020496.0000","2.5000","2.5000","6 Dec 2017","7CAuO7xJuMf7kBcnNd5btXsSjrw2"
"7CAuO7xJuMf7kBcnNd5btXsSjrw2","common","1","0.0000","2.61251478966570000","633.6667","1.3333","1.3333","6 Dec 2017","7CAuO7xJuMf7kBcnNd5btXsSjrw2"
"ASEBwHukJfOYoBjQzEWveMxRcap1","common","1","-0.3333","2.72838043615870000","950.6667","1.6667","1.3333","6 Dec 2017","ASEBwHukJfOYoBjQzEWveMxRcap1"
"ASEBwHukJfOYoBjQzEWveMxRcap1","random","1","1.3333","9.00000002895293333","3333340000001.0000","3.6667","5.0000","6 Dec 2017","ASEBwHukJfOYoBjQzEWveMxRcap1"
"ASEBwHukJfOYoBjQzEWveMxRcap1","mangled","1","0.7500","3.96071018429462500","10975.7500","2.0000","2.7500","6 Dec 2017","ASEBwHukJfOYoBjQzEWveMxRcap1"
"ASEBwHukJfOYoBjQzEWveMxRcap1","passphrase","1","-3.0000","12.55043149216472500","28865671456582.0000","4.7500","1.7500","6 Dec 2017","ASEBwHukJfOYoBjQzEWveMxRcap1"
"ASEBwHukJfOYoBjQzEWveMxRcap1","predictable","1","-0.5000","6.16043246246127500","2767474.0000","2.5000","2.0000","6 Dec 2017","ASEBwHukJfOYoBjQzEWveMxRcap1"
"Aao0kFIMVsMSNbN0F5nQU2fJhko1","passphrase","1","-2.0000","10.73266579738888889","5658787249019998.6667","4.5556","2.5556","6 Dec 2017","Aao0kFIMVsMSNbN0F5nQU2fJhko1"
"Aao0kFIMVsMSNbN0F5nQU2fJhko1","predictable","1","-0.2000","5.49705872940096000","504448.8000","2.2000","2.0000","6 Dec 2017","Aao0kFIMVsMSNbN0F5nQU2fJhko1"
"Aao0kFIMVsMSNbN0F5nQU2fJhko1","common","1","-0.2000","2.96352000669424000","1047.2000","1.4000","1.2000","6 Dec 2017","Aao0kFIMVsMSNbN0F5nQU2fJhko1"
"Aao0kFIMVsMSNbN0F5nQU2fJhko1","random","1","-0.8333","11.66666667390640000","183533335000001.0000","4.6667","3.8333","6 Dec 2017","Aao0kFIMVsMSNbN0F5nQU2fJhko1"
"Aao0kFIMVsMSNbN0F5nQU2fJhko1","mangled","1","1.1429","3.75115346920848571","7355.4286","2.0000","3.1429","6 Dec 2017","Aao0kFIMVsMSNbN0F5nQU2fJhko1"
"Agp1oaksMkMQH2S1pmNQVigUYM83","passphrase","1","-1.6667","9.11866395927343333","1756811514.6667","4.0000","2.3333","17 Dec 2017","Agp1oaksMkMQH2S1pmNQVigUYM83"
"Agp1oaksMkMQH2S1pmNQVigUYM83","predictable","1","0.0000","6.11570577786593333","2759812.0000","2.3333","2.3333","17 Dec 2017","Agp1oaksMkMQH2S1pmNQVigUYM83"
"Agp1oaksMkMQH2S1pmNQVigUYM83","common","1","-0.5000","2.91348308273405000","1037.5000","1.5000","1.0000","17 Dec 2017","Agp1oaksMkMQH2S1pmNQVigUYM83"
"Agp1oaksMkMQH2S1pmNQVigUYM83","random","1","1.0000","7.00000004342940000","10000001.0000","3.0000","4.0000","17 Dec 2017","Agp1oaksMkMQH2S1pmNQVigUYM83"
"Agp1oaksMkMQH2S1pmNQVigUYM83","mangled","1","1.0000","3.80516090159940000","6385.0000","2.0000","3.0000","17 Dec 2017","Agp1oaksMkMQH2S1pmNQVigUYM83"
"AoIM7wq3cBQLpOjRkKx0RjmLw9r2","random","1","-1.0000","10.25000001097677500","250002752500001.0000","4.0000","3.0000","6 Dec 2017","AoIM7wq3cBQLpOjRkKx0RjmLw9r2"
"AoIM7wq3cBQLpOjRkKx0RjmLw9r2","mangled","1","0.0000","3.01535975540920000","1036.0000","2.0000","2.0000","6 Dec 2017","AoIM7wq3cBQLpOjRkKx0RjmLw9r2"
"AoIM7wq3cBQLpOjRkKx0RjmLw9r2","passphrase","1","-3.2500","14.11575790507487500","41262317505112816.0000","5.0000","1.7500","6 Dec 2017","AoIM7wq3cBQLpOjRkKx0RjmLw9r2"
"AoIM7wq3cBQLpOjRkKx0RjmLw9r2","predictable","1","-0.7500","5.85368354448452500","1905614.0000","2.5000","1.7500","6 Dec 2017","AoIM7wq3cBQLpOjRkKx0RjmLw9r2"
"AoIM7wq3cBQLpOjRkKx0RjmLw9r2","common","1","0.0000","2.98684779515372500","1007.2500","1.5000","1.5000","6 Dec 2017","AoIM7wq3cBQLpOjRkKx0RjmLw9r2"
"BUrzRry1i1XtD700uicjeXAJLXE3","mangled","1","0.6250","3.39966732729141250","5693.0000","1.6250","2.2500","30 Nov 2017","BUrzRry1i1XtD700uicjeXAJLXE3"
"BUrzRry1i1XtD700uicjeXAJLXE3","passphrase","1","-2.5000","10.76910658667312500","1730428217368442.5000","4.2500","1.7500","30 Nov 2017","BUrzRry1i1XtD700uicjeXAJLXE3"
"BUrzRry1i1XtD700uicjeXAJLXE3","predictable","1","-1.5714","6.27571826261228571","2234685.1429","2.8571","1.2857","30 Nov 2017","BUrzRry1i1XtD700uicjeXAJLXE3"
"BUrzRry1i1XtD700uicjeXAJLXE3","common","1","-0.6000","3.07966882197390000","1297.4000","1.8000","1.2000","30 Nov 2017","BUrzRry1i1XtD700uicjeXAJLXE3"
"BUrzRry1i1XtD700uicjeXAJLXE3","random","1","0.2000","7.49883123194066000","632002000.8000","3.2000","3.4000","30 Nov 2017","BUrzRry1i1XtD700uicjeXAJLXE3"
"FVxxqsFqw1UZJ9UCy4vG8QVw0LQ2","random","1","0.8750","8.00000003800126250","25007501250.8750","3.5000","4.3750","27 Nov 2017","FVxxqsFqw1UZJ9UCy4vG8QVw0LQ2"
"FVxxqsFqw1UZJ9UCy4vG8QVw0LQ2","mangled","1","1.7273","3.67160976095107273","6777.3636","2.0000","3.7273","27 Nov 2017","FVxxqsFqw1UZJ9UCy4vG8QVw0LQ2"
"FVxxqsFqw1UZJ9UCy4vG8QVw0LQ2","passphrase","1","-1.0000","12.65341629215885882","8719815660711595.1765","4.7647","3.7647","27 Nov 2017","FVxxqsFqw1UZJ9UCy4vG8QVw0LQ2"
"FVxxqsFqw1UZJ9UCy4vG8QVw0LQ2","predictable","1","1.0000","6.01444423642795385","2190454.4615","2.5385","3.5385","27 Nov 2017","FVxxqsFqw1UZJ9UCy4vG8QVw0LQ2"
"FVxxqsFqw1UZJ9UCy4vG8QVw0LQ2","common","1","2.0909","2.92855508041136364","1009.9091","1.6364","3.7273","27 Nov 2017","FVxxqsFqw1UZJ9UCy4vG8QVw0LQ2"
"HWIswN5YL6TZeanI8eYj4Os3Rz93","random","1","-0.5000","10.30000001307749000","110121103000001.0000","4.2000","3.7000","6 Dec 2017","HWIswN5YL6TZeanI8eYj4Os3Rz93"
"HWIswN5YL6TZeanI8eYj4Os3Rz93","mangled","1","1.2500","3.54523071947560000","7318.2500","1.7500","3.0000","6 Dec 2017","HWIswN5YL6TZeanI8eYj4Os3Rz93"
"HWIswN5YL6TZeanI8eYj4Os3Rz93","passphrase","1","-0.8889","12.93454888227028889","18790085919693988.4444","4.7778","3.8889","6 Dec 2017","HWIswN5YL6TZeanI8eYj4Os3Rz93"
"HWIswN5YL6TZeanI8eYj4Os3Rz93","predictable","1","1.0000","6.26522075806865000","2301754.0000","2.5000","3.5000","6 Dec 2017","HWIswN5YL6TZeanI8eYj4Os3Rz93"
"HWIswN5YL6TZeanI8eYj4Os3Rz93","common","1","0.7143","3.04559959620594286","1184.0000","1.7143","2.4286","6 Dec 2017","HWIswN5YL6TZeanI8eYj4Os3Rz93"
"JyddTn9SC8NBwiLOK68CPQEFtVy1","common","1","0.4000","2.86914990043654000","1073.4000","1.6000","2.0000","20 Nov 2017","JyddTn9SC8NBwiLOK68CPQEFtVy1"
"JyddTn9SC8NBwiLOK68CPQEFtVy1","random","1","0.7500","9.75000002171480000","2750005000001.0000","4.0000","4.7500","20 Nov 2017","JyddTn9SC8NBwiLOK68CPQEFtVy1"
"JyddTn9SC8NBwiLOK68CPQEFtVy1","mangled","1","1.0000","3.98247926082850000","13517.2000","2.0000","3.0000","20 Nov 2017","JyddTn9SC8NBwiLOK68CPQEFtVy1"
"JyddTn9SC8NBwiLOK68CPQEFtVy1","passphrase","1","-2.0000","14.07501314799052000","23504068687143196.8000","5.0000","3.0000","20 Nov 2017","JyddTn9SC8NBwiLOK68CPQEFtVy1"
"JyddTn9SC8NBwiLOK68CPQEFtVy1","predictable","1","0.6667","6.26745662358283333","3504322.6667","2.6667","3.3333","20 Nov 2017","JyddTn9SC8NBwiLOK68CPQEFtVy1"
"OjdKV2Tt2thVFpuUupXwUlkduyG2","predictable","1","-0.2000","5.58590088131026000","487760.8000","2.2000","2.0000","6 Dec 2017","OjdKV2Tt2thVFpuUupXwUlkduyG2"
"OjdKV2Tt2thVFpuUupXwUlkduyG2","common","1","-0.1667","2.89628239773483333","1026.0000","1.6667","1.5000","6 Dec 2017","OjdKV2Tt2thVFpuUupXwUlkduyG2"
"OjdKV2Tt2thVFpuUupXwUlkduyG2","random","1","-1.1429","8.82268008521470000","1430173676858.0000","3.5714","2.4286","6 Dec 2017","OjdKV2Tt2thVFpuUupXwUlkduyG2"
"OjdKV2Tt2thVFpuUupXwUlkduyG2","mangled","1","0.1250","3.80138148106660000","7498.0000","2.0000","2.1250","6 Dec 2017","OjdKV2Tt2thVFpuUupXwUlkduyG2"
"OjdKV2Tt2thVFpuUupXwUlkduyG2","passphrase","1","-2.2500","12.00695740886972500","3335242119867046.0000","4.6250","2.3750","6 Dec 2017","OjdKV2Tt2thVFpuUupXwUlkduyG2"
"P2ruvOa7baclgeDFs0xcOXUcNRy1","passphrase","1","0.0000","16.13699395752290000","13708626927841000.0000","5.0000","5.0000","15 Nov 2017","P2ruvOa7baclgeDFs0xcOXUcNRy1"
"P2ruvOa7baclgeDFs0xcOXUcNRy1","predictable","1","0.0000","6.10722137763539000","3012732.1000","2.6000","2.6000","15 Nov 2017","P2ruvOa7baclgeDFs0xcOXUcNRy1"
"P2ruvOa7baclgeDFs0xcOXUcNRy1","common","1","0.0000","2.93367497749232500","895.5000","1.2500","1.2500","15 Nov 2017","P2ruvOa7baclgeDFs0xcOXUcNRy1"
"P2ruvOa7baclgeDFs0xcOXUcNRy1","random","1","-0.7143","8.61006373217037143","26642864287143.7143","3.5714","2.8571","15 Nov 2017","P2ruvOa7baclgeDFs0xcOXUcNRy1"
"P2ruvOa7baclgeDFs0xcOXUcNRy1","mangled","1","0.8000","3.95919288912344000","10388.4000","2.0000","2.8000","15 Nov 2017","P2ruvOa7baclgeDFs0xcOXUcNRy1"
"PIShthtUxYaglUKzlmDIoy1wFOz1","passphrase","1","-1.0000","14.10401423065877500","21055252657773840.0000","4.5000","3.5000","20 Nov 2017","PIShthtUxYaglUKzlmDIoy1wFOz1"
"PIShthtUxYaglUKzlmDIoy1wFOz1","predictable","1","0.1818","6.02596200586140909","3357188.4545","2.5455","2.7273","20 Nov 2017","PIShthtUxYaglUKzlmDIoy1wFOz1"
"PIShthtUxYaglUKzlmDIoy1wFOz1","common","1","0.5000","2.83051379687580000","879.8333","1.3333","1.8333","20 Nov 2017","PIShthtUxYaglUKzlmDIoy1wFOz1"
"PIShthtUxYaglUKzlmDIoy1wFOz1","random","1","0.0000","11.00000000021715000","5000500000001.0000","4.5000","4.5000","20 Nov 2017","PIShthtUxYaglUKzlmDIoy1wFOz1"
"PIShthtUxYaglUKzlmDIoy1wFOz1","mangled","1","0.4286","3.95233864236900000","11426.1429","2.0000","2.4286","20 Nov 2017","PIShthtUxYaglUKzlmDIoy1wFOz1"
"PM9onR2uspO8tGptLZ6QLYjxTzl2","predictable","1","-0.1667","6.00784944551250000","2490849.3333","2.3333","2.1667","30 Nov 2017","PM9onR2uspO8tGptLZ6QLYjxTzl2"
"PM9onR2uspO8tGptLZ6QLYjxTzl2","common","1","-0.8000","2.86733538625902000","1245.0000","1.8000","1.0000","30 Nov 2017","PM9onR2uspO8tGptLZ6QLYjxTzl2"
"PM9onR2uspO8tGptLZ6QLYjxTzl2","random","1","-0.5000","13.00000000000215000","500050000000001.0000","5.0000","4.5000","30 Nov 2017","PM9onR2uspO8tGptLZ6QLYjxTzl2"
"PM9onR2uspO8tGptLZ6QLYjxTzl2","mangled","1","0.0000","3.89772349661515000","12301.7500","2.0000","2.0000","30 Nov 2017","PM9onR2uspO8tGptLZ6QLYjxTzl2"
"PM9onR2uspO8tGptLZ6QLYjxTzl2","passphrase","1","-0.8000","14.62537060880092000","16564387295102276.8000","5.0000","4.2000","30 Nov 2017","PM9onR2uspO8tGptLZ6QLYjxTzl2"
"PfTAeb6lbrSrbwSJvlT1rywTf1u2","random","1","-1.4286","9.42857144781064286","15715732857143.8571","3.7143","2.2857","30 Nov 2017","PfTAeb6lbrSrbwSJvlT1rywTf1u2"
"PfTAeb6lbrSrbwSJvlT1rywTf1u2","mangled","1","-0.8333","3.10564735918896667","1920.6667","1.8333","1.0000","30 Nov 2017","PfTAeb6lbrSrbwSJvlT1rywTf1u2"
"PfTAeb6lbrSrbwSJvlT1rywTf1u2","passphrase","1","-1.6000","10.01096494133952000","7811150243700690.8000","4.0000","2.4000","30 Nov 2017","PfTAeb6lbrSrbwSJvlT1rywTf1u2"
"PfTAeb6lbrSrbwSJvlT1rywTf1u2","predictable","1","-0.5714","5.97739838770221429","2035635.5714","2.5714","2.0000","30 Nov 2017","PfTAeb6lbrSrbwSJvlT1rywTf1u2"
"PfTAeb6lbrSrbwSJvlT1rywTf1u2","common","1","-0.2500","2.74517970729190000","754.3750","1.2500","1.0000","30 Nov 2017","PfTAeb6lbrSrbwSJvlT1rywTf1u2"
"QQNGNxc8loUgSR80xqviSoPifDg2","predictable","1","0.3333","5.36405078156766667","340938.6667","2.0000","2.3333","30 Nov 2017","QQNGNxc8loUgSR80xqviSoPifDg2"
"QQNGNxc8loUgSR80xqviSoPifDg2","common","1","1.7273","2.75471001714178182","778.4545","1.3636","3.0909","30 Nov 2017","QQNGNxc8loUgSR80xqviSoPifDg2"
"QQNGNxc8loUgSR80xqviSoPifDg2","random","1","1.5000","8.00000003257312500","25007500001.0000","3.5000","5.0000","30 Nov 2017","QQNGNxc8loUgSR80xqviSoPifDg2"
"QQNGNxc8loUgSR80xqviSoPifDg2","mangled","1","1.6667","3.46892822442113333","3925.6667","1.6667","3.3333","30 Nov 2017","QQNGNxc8loUgSR80xqviSoPifDg2"
"QQNGNxc8loUgSR80xqviSoPifDg2","passphrase","1","-1.5000","11.57208293315737500","487591067225149.5000","4.7500","3.2500","30 Nov 2017","QQNGNxc8loUgSR80xqviSoPifDg2"
"RJpyRH2CEgUgffSkYSCpKAYA3G12","random","1","-0.7500","8.00000001313737500","302500001.0000","3.2500","2.5000","6 Dec 2017","RJpyRH2CEgUgffSkYSCpKAYA3G12"
"RJpyRH2CEgUgffSkYSCpKAYA3G12","mangled","1","0.5000","3.37714088314348000","4841.8000","1.8000","2.3000","6 Dec 2017","RJpyRH2CEgUgffSkYSCpKAYA3G12"
"RJpyRH2CEgUgffSkYSCpKAYA3G12","passphrase","1","-1.0000","7.55796038806120000","36137690.0000","3.0000","2.0000","6 Dec 2017","RJpyRH2CEgUgffSkYSCpKAYA3G12"
"RJpyRH2CEgUgffSkYSCpKAYA3G12","predictable","1","-0.1429","6.58781141267638571","5301686.8571","2.8571","2.7143","6 Dec 2017","RJpyRH2CEgUgffSkYSCpKAYA3G12"
"RJpyRH2CEgUgffSkYSCpKAYA3G12","common","1","0.2000","2.53945649423402000","595.2000","1.2000","1.4000","6 Dec 2017","RJpyRH2CEgUgffSkYSCpKAYA3G12"
"RmynEREHO0cnlygkiuo4NYh4Ehi1","passphrase","1","-2.2000","11.70650278945820000","36203654863018890.0000","4.2000","2.0000","6 Dec 2017","RmynEREHO0cnlygkiuo4NYh4Ehi1"
"RmynEREHO0cnlygkiuo4NYh4Ehi1","predictable","1","-0.2500","6.48309688044550000","4102815.0000","2.7500","2.5000","6 Dec 2017","RmynEREHO0cnlygkiuo4NYh4Ehi1"
"RmynEREHO0cnlygkiuo4NYh4Ehi1","common","1","-0.5000","3.00393061526467500","1190.7500","1.7500","1.2500","6 Dec 2017","RmynEREHO0cnlygkiuo4NYh4Ehi1"
"RmynEREHO0cnlygkiuo4NYh4Ehi1","random","1","-1.5000","13.29884764779810000","198500050000000.5000","5.0000","3.5000","6 Dec 2017","RmynEREHO0cnlygkiuo4NYh4Ehi1"
"RmynEREHO0cnlygkiuo4NYh4Ehi1","mangled","1","0.6667","3.98040090557516667","11226.0000","2.0000","2.6667","6 Dec 2017","RmynEREHO0cnlygkiuo4NYh4Ehi1"
"SD7ZTVkpu9V2VJRnnb7GNpr874D2","common","1","0.7500","2.91584254769682500","1136.7500","1.5000","2.2500","30 Nov 2017","SD7ZTVkpu9V2VJRnnb7GNpr874D2"
"SD7ZTVkpu9V2VJRnnb7GNpr874D2","random","1","0.2222","7.66666669224656667","1150000001.0000","3.1111","3.3333","30 Nov 2017","SD7ZTVkpu9V2VJRnnb7GNpr874D2"
"SD7ZTVkpu9V2VJRnnb7GNpr874D2","mangled","1","1.1250","3.84582425448763750","7704.8750","2.0000","3.1250","30 Nov 2017","SD7ZTVkpu9V2VJRnnb7GNpr874D2"
"SD7ZTVkpu9V2VJRnnb7GNpr874D2","passphrase","1","-1.5714","12.79146130452014286","3695324687716724.0000","4.8571","3.2857","30 Nov 2017","SD7ZTVkpu9V2VJRnnb7GNpr874D2"
"SD7ZTVkpu9V2VJRnnb7GNpr874D2","predictable","1","0.0000","5.57370013903450000","3414933.3333","2.3333","2.3333","30 Nov 2017","SD7ZTVkpu9V2VJRnnb7GNpr874D2"
"SGZYpfuqpUdM5pOQVy8SOl6qnZG3","predictable","1","0.8000","5.59737529471754000","1069794.6000","2.2000","3.0000","20 Nov 2017","SGZYpfuqpUdM5pOQVy8SOl6qnZG3"
"SGZYpfuqpUdM5pOQVy8SOl6qnZG3","common","1","0.0000","2.87012035683947500","862.7500","1.5000","1.5000","20 Nov 2017","SGZYpfuqpUdM5pOQVy8SOl6qnZG3"
"SGZYpfuqpUdM5pOQVy8SOl6qnZG3","random","1","-0.7500","8.25000003257215000","250007500001.0000","3.5000","2.7500","20 Nov 2017","SGZYpfuqpUdM5pOQVy8SOl6qnZG3"
"SGZYpfuqpUdM5pOQVy8SOl6qnZG3","mangled","1","-0.2500","3.87896036230482500","8182.5000","2.0000","1.7500","20 Nov 2017","SGZYpfuqpUdM5pOQVy8SOl6qnZG3"
"SGZYpfuqpUdM5pOQVy8SOl6qnZG3","passphrase","1","-1.1429","11.84792245622354286","26677432858647676.8571","4.7143","3.5714","20 Nov 2017","SGZYpfuqpUdM5pOQVy8SOl6qnZG3"
"SMM5Vgak3VVNaUjA36gdwtrcgF63","mangled","1","-0.1250","3.64832499601198750","7048.5000","2.0000","1.8750","30 Nov 2017","SMM5Vgak3VVNaUjA36gdwtrcgF63"
"SMM5Vgak3VVNaUjA36gdwtrcgF63","passphrase","1","-0.6667","14.11818689390360000","18888322732509000.0000","4.6667","4.0000","30 Nov 2017","SMM5Vgak3VVNaUjA36gdwtrcgF63"
"SMM5Vgak3VVNaUjA36gdwtrcgF63","predictable","1","-0.3750","5.89492504725566250","1730026.0000","2.3750","2.0000","30 Nov 2017","SMM5Vgak3VVNaUjA36gdwtrcgF63"
"SMM5Vgak3VVNaUjA36gdwtrcgF63","common","1","-0.6667","3.09483014546900000","1481.1667","1.8333","1.1667","30 Nov 2017","SMM5Vgak3VVNaUjA36gdwtrcgF63"
"SMM5Vgak3VVNaUjA36gdwtrcgF63","random","1","0.0000","9.75000002171528750","13887505000001.0000","4.0000","4.0000","30 Nov 2017","SMM5Vgak3VVNaUjA36gdwtrcgF63"
"VMYzCpJR8dVHOxUAIIe1FnRV6IJ3","predictable","1","-1.6667","6.32328546257706667","3398069.3333","2.6667","1.0000","30 Nov 2017","VMYzCpJR8dVHOxUAIIe1FnRV6IJ3"
"VMYzCpJR8dVHOxUAIIe1FnRV6IJ3","common","1","0.0000","2.84010609445680000","692.0000","1.0000","1.0000","30 Nov 2017","VMYzCpJR8dVHOxUAIIe1FnRV6IJ3"
"VMYzCpJR8dVHOxUAIIe1FnRV6IJ3","random","1","-0.4286","11.06816020675778571","58587172857143.7143","4.2857","3.8571","30 Nov 2017","VMYzCpJR8dVHOxUAIIe1FnRV6IJ3"
"VMYzCpJR8dVHOxUAIIe1FnRV6IJ3","mangled","1","0.4286","4.15344804626705714","5605610.5714","2.0000","2.4286","30 Nov 2017","VMYzCpJR8dVHOxUAIIe1FnRV6IJ3"
"VMYzCpJR8dVHOxUAIIe1FnRV6IJ3","passphrase","1","-2.0000","12.20149328155233333","6479178562692910.6667","4.5000","2.5000","30 Nov 2017","VMYzCpJR8dVHOxUAIIe1FnRV6IJ3"
"VgKUOpcEarasBeO5uZeT32fJDik1","passphrase","1","-1.7143","15.22884432303887143","27798705063378514.8571","5.0000","3.2857","30 Nov 2017","VgKUOpcEarasBeO5uZeT32fJDik1"
"VgKUOpcEarasBeO5uZeT32fJDik1","predictable","1","-0.2000","5.87347340373714000","1235309.2000","2.3000","2.1000","30 Nov 2017","VgKUOpcEarasBeO5uZeT32fJDik1"
"VgKUOpcEarasBeO5uZeT32fJDik1","common","1","-0.6667","2.94837419935080000","1275.6667","1.6667","1.0000","30 Nov 2017","VgKUOpcEarasBeO5uZeT32fJDik1"
"VgKUOpcEarasBeO5uZeT32fJDik1","random","1","-0.6000","8.80000002610541000","11001106000001.0000","3.6000","3.0000","30 Nov 2017","VgKUOpcEarasBeO5uZeT32fJDik1"
"VgKUOpcEarasBeO5uZeT32fJDik1","mangled","1","0.4444","3.84284702582367778","1714338.7778","2.0000","2.4444","30 Nov 2017","VgKUOpcEarasBeO5uZeT32fJDik1"
"WG5Z8LVqiPQkjO8SgQD6DWj04KE2","random","1","0.5000","9.27837435326495000","79666690000000.8333","3.6667","4.1667","20 Nov 2017","WG5Z8LVqiPQkjO8SgQD6DWj04KE2"
"WG5Z8LVqiPQkjO8SgQD6DWj04KE2","mangled","1","0.0000","3.67668305143273333","8217.6667","1.6667","1.6667","20 Nov 2017","WG5Z8LVqiPQkjO8SgQD6DWj04KE2"
"WG5Z8LVqiPQkjO8SgQD6DWj04KE2","passphrase","1","-1.0000","10.84348251595460000","69740092000.0000","5.0000","4.0000","20 Nov 2017","WG5Z8LVqiPQkjO8SgQD6DWj04KE2"
"WG5Z8LVqiPQkjO8SgQD6DWj04KE2","predictable","1","-1.0000","5.72939516067900000","779280.8000","2.4000","1.4000","20 Nov 2017","WG5Z8LVqiPQkjO8SgQD6DWj04KE2"
"WG5Z8LVqiPQkjO8SgQD6DWj04KE2","common","1","0.0000","2.78380065152032857","1036.4286","1.5714","1.5714","20 Nov 2017","WG5Z8LVqiPQkjO8SgQD6DWj04KE2"
"WmbDRRq3aIfugfHE0v5HGsQGM4v1","passphrase","1","-0.6250","13.47736295466776250","21639357946792473.5000","4.5000","3.8750","30 Nov 2017","WmbDRRq3aIfugfHE0v5HGsQGM4v1"
"WmbDRRq3aIfugfHE0v5HGsQGM4v1","predictable","1","1.0000","5.76938884175270000","622773.3333","2.0000","3.0000","30 Nov 2017","WmbDRRq3aIfugfHE0v5HGsQGM4v1"
"WmbDRRq3aIfugfHE0v5HGsQGM4v1","common","1","1.2222","2.60143349804932222","587.4444","1.1111","2.3333","30 Nov 2017","WmbDRRq3aIfugfHE0v5HGsQGM4v1"
"WmbDRRq3aIfugfHE0v5HGsQGM4v1","random","1","0.3333","7.83333336952456667","166675000001.0000","3.3333","3.6667","30 Nov 2017","WmbDRRq3aIfugfHE0v5HGsQGM4v1"
"WmbDRRq3aIfugfHE0v5HGsQGM4v1","mangled","1","1.5714","3.51302068692024286","4966.0000","1.8571","3.4286","30 Nov 2017","WmbDRRq3aIfugfHE0v5HGsQGM4v1"
"X0wFLRvEGGVm2GLKXXwfU6kJSt93","common","1","0.5000","2.97914429974540000","969.5000","1.5000","2.0000","30 Nov 2017","X0wFLRvEGGVm2GLKXXwfU6kJSt93"
"X0wFLRvEGGVm2GLKXXwfU6kJSt93","random","1","0.7143","8.14285717394018571","1428721428572.4286","3.4286","4.1429","30 Nov 2017","X0wFLRvEGGVm2GLKXXwfU6kJSt93"
"X0wFLRvEGGVm2GLKXXwfU6kJSt93","mangled","1","0.3750","3.57285939790870000","6234.7500","1.8750","2.2500","30 Nov 2017","X0wFLRvEGGVm2GLKXXwfU6kJSt93"
"X0wFLRvEGGVm2GLKXXwfU6kJSt93","passphrase","1","-1.6667","15.00448196323363333","63856667960194560.0000","5.0000","3.3333","30 Nov 2017","X0wFLRvEGGVm2GLKXXwfU6kJSt93"
"X0wFLRvEGGVm2GLKXXwfU6kJSt93","predictable","1","0.7143","5.94943161065607143","2491883.4286","2.2857","3.0000","30 Nov 2017","X0wFLRvEGGVm2GLKXXwfU6kJSt93"
"ZvznIUqkNPRsOcH9I1s8JfwMIzn1","passphrase","1","-1.7500","12.58207418397532500","2055091705386100.0000","5.0000","3.2500","26 Nov 2017","ZvznIUqkNPRsOcH9I1s8JfwMIzn1"
"ZvznIUqkNPRsOcH9I1s8JfwMIzn1","predictable","1","0.0000","6.17163380862536000","2673952.0000","2.6000","2.6000","26 Nov 2017","ZvznIUqkNPRsOcH9I1s8JfwMIzn1"
"ZvznIUqkNPRsOcH9I1s8JfwMIzn1","common","1","-0.1111","2.95874885429603333","986.5556","1.3333","1.2222","26 Nov 2017","ZvznIUqkNPRsOcH9I1s8JfwMIzn1"
"ZvznIUqkNPRsOcH9I1s8JfwMIzn1","random","1","0.5000","10.00000002171470000","5000005000001.0000","4.0000","4.5000","26 Nov 2017","ZvznIUqkNPRsOcH9I1s8JfwMIzn1"
"ZvznIUqkNPRsOcH9I1s8JfwMIzn1","mangled","1","1.7500","3.54509085012590000","7385.2500","1.7500","3.5000","26 Nov 2017","ZvznIUqkNPRsOcH9I1s8JfwMIzn1"
"aQDe2HAuFnSQ9TEZzVrbpKY8JB92","passphrase","1","-2.0000","13.01370866356076364","16826817557154455.0909","4.7273","2.7273","20 Nov 2017","aQDe2HAuFnSQ9TEZzVrbpKY8JB92"
"aQDe2HAuFnSQ9TEZzVrbpKY8JB92","predictable","1","1.0000","5.57347198125656000","533837.6000","2.0000","3.0000","20 Nov 2017","aQDe2HAuFnSQ9TEZzVrbpKY8JB92"
"aQDe2HAuFnSQ9TEZzVrbpKY8JB92","common","1","-0.3333","2.98714010453158333","1248.0000","1.6667","1.3333","20 Nov 2017","aQDe2HAuFnSQ9TEZzVrbpKY8JB92"
"aQDe2HAuFnSQ9TEZzVrbpKY8JB92","random","1","1.4286","8.28452416934862857","142857164258572.2857","3.2857","4.7143","20 Nov 2017","aQDe2HAuFnSQ9TEZzVrbpKY8JB92"
"aQDe2HAuFnSQ9TEZzVrbpKY8JB92","mangled","1","1.4286","3.64673842414598571","8083.1429","1.8571","3.2857","20 Nov 2017","aQDe2HAuFnSQ9TEZzVrbpKY8JB92"
"aSHVLMGbs1XM6VWU46nIRJvxGLy2","predictable","1","-0.4167","6.05704896835155833","2163682.0000","2.5833","2.1667","6 Dec 2017","aSHVLMGbs1XM6VWU46nIRJvxGLy2"
"aSHVLMGbs1XM6VWU46nIRJvxGLy2","common","1","0.5000","2.90329220069207500","988.5000","1.5000","2.0000","6 Dec 2017","aSHVLMGbs1XM6VWU46nIRJvxGLy2"
"aSHVLMGbs1XM6VWU46nIRJvxGLy2","random","1","-0.2857","8.55157910844285714","2811746241429.2857","3.5714","3.2857","6 Dec 2017","aSHVLMGbs1XM6VWU46nIRJvxGLy2"
"aSHVLMGbs1XM6VWU46nIRJvxGLy2","mangled","1","0.6000","3.80628521529328000","7601.2000","2.0000","2.6000","6 Dec 2017","aSHVLMGbs1XM6VWU46nIRJvxGLy2"
"aSHVLMGbs1XM6VWU46nIRJvxGLy2","passphrase","1","-2.1429","14.42705728385038571","15800912478371256.5714","4.7143","2.5714","6 Dec 2017","aSHVLMGbs1XM6VWU46nIRJvxGLy2"
"eX5g13tuMedwKvdPmgDJReLG5202","predictable","1","-1.5000","6.29836518306045000","3821629.2500","2.5000","1.0000","23 Nov 2017","eX5g13tuMedwKvdPmgDJReLG5202"
"eX5g13tuMedwKvdPmgDJReLG5202","common","1","-0.7143","3.11276333548837143","1386.7143","1.7143","1.0000","23 Nov 2017","eX5g13tuMedwKvdPmgDJReLG5202"
"eX5g13tuMedwKvdPmgDJReLG5202","random","1","-0.2500","8.75000002182337500","250255000001.0000","3.7500","3.5000","23 Nov 2017","eX5g13tuMedwKvdPmgDJReLG5202"
"eX5g13tuMedwKvdPmgDJReLG5202","mangled","1","-1.0000","3.61443394877375000","5119.0000","2.0000","1.0000","23 Nov 2017","eX5g13tuMedwKvdPmgDJReLG5202"
"eX5g13tuMedwKvdPmgDJReLG5202","passphrase","1","-3.0000","12.11006643074722000","2763993300694678.0000","4.8000","1.8000","23 Nov 2017","eX5g13tuMedwKvdPmgDJReLG5202"
"fv7e5JE1iGer7bvzRku3fBT2s7h1","random","1","-0.1875","8.89834349600980625","6950692543125.8125","3.7500","3.5625","7 Nov 2017","fv7e5JE1iGer7bvzRku3fBT2s7h1"
"fv7e5JE1iGer7bvzRku3fBT2s7h1","mangled","1","0.0000","3.47322969438275714","3600.1429","1.8571","1.8571","7 Nov 2017","fv7e5JE1iGer7bvzRku3fBT2s7h1"
"fv7e5JE1iGer7bvzRku3fBT2s7h1","passphrase","1","-0.1111","12.20358557272473333","19681510792459370.2222","4.6667","4.5556","7 Nov 2017","fv7e5JE1iGer7bvzRku3fBT2s7h1"
"fv7e5JE1iGer7bvzRku3fBT2s7h1","predictable","1","-0.2500","5.63987721715281250","675246.0000","2.3750","2.1250","7 Nov 2017","fv7e5JE1iGer7bvzRku3fBT2s7h1"
"fv7e5JE1iGer7bvzRku3fBT2s7h1","common","1","-0.4444","2.99925708231436667","1271.5556","1.7778","1.3333","7 Nov 2017","fv7e5JE1iGer7bvzRku3fBT2s7h1"
"h824JqJJ2vU9TfDV5a452UYUFdj1","random","1","-2.2222","9.01417141443098889","32452224666667.4444","3.6667","1.4444","30 Nov 2017","h824JqJJ2vU9TfDV5a452UYUFdj1"
"h824JqJJ2vU9TfDV5a452UYUFdj1","mangled","1","-0.6000","3.39735295948674000","4577.8000","1.8000","1.2000","30 Nov 2017","h824JqJJ2vU9TfDV5a452UYUFdj1"
"h824JqJJ2vU9TfDV5a452UYUFdj1","passphrase","1","-1.0000","13.62509954344840000","17337129852409534.0000","4.8333","3.8333","30 Nov 2017","h824JqJJ2vU9TfDV5a452UYUFdj1"
"h824JqJJ2vU9TfDV5a452UYUFdj1","predictable","1","-1.0000","6.06517751097914545","1997072.7273","2.5455","1.5455","30 Nov 2017","h824JqJJ2vU9TfDV5a452UYUFdj1"
"h824JqJJ2vU9TfDV5a452UYUFdj1","common","1","-0.3333","2.69607928123045556","797.2222","1.3333","1.0000","30 Nov 2017","h824JqJJ2vU9TfDV5a452UYUFdj1"
"hCt7PRRd7rUUbHMAUyifRNfUdmm1","predictable","1","0.3333","5.97106466832810000","1268100.6667","2.5000","2.8333","29 Nov 2017","hCt7PRRd7rUUbHMAUyifRNfUdmm1"
"hCt7PRRd7rUUbHMAUyifRNfUdmm1","common","1","1.5385","2.82414327389116154","1042.1538","1.6923","3.2308","29 Nov 2017","hCt7PRRd7rUUbHMAUyifRNfUdmm1"
"hCt7PRRd7rUUbHMAUyifRNfUdmm1","random","1","-1.0000","8.30875042736990000","1168695000000.9444","3.4444","2.4444","29 Nov 2017","hCt7PRRd7rUUbHMAUyifRNfUdmm1"
"hCt7PRRd7rUUbHMAUyifRNfUdmm1","mangled","1","1.0000","3.72709440790842727","8604.2727","1.8182","2.8182","29 Nov 2017","hCt7PRRd7rUUbHMAUyifRNfUdmm1"
"hCt7PRRd7rUUbHMAUyifRNfUdmm1","passphrase","1","-1.3333","13.00801153330041667","15315043437870778.3333","4.6667","3.3333","29 Nov 2017","hCt7PRRd7rUUbHMAUyifRNfUdmm1"
"i8byM9nHVBT48m573ZYpRUhn1Z63","passphrase","1","-3.0000","10.67702454450471429","523797121478276.0000","4.7143","1.7143","30 Nov 2017","i8byM9nHVBT48m573ZYpRUhn1Z63"
"i8byM9nHVBT48m573ZYpRUhn1Z63","predictable","1","-1.0000","6.07513679401330000","1233508.0000","2.6667","1.6667","30 Nov 2017","i8byM9nHVBT48m573ZYpRUhn1Z63"
"i8byM9nHVBT48m573ZYpRUhn1Z63","common","1","-0.6667","2.97232410884808333","1173.5000","1.6667","1.0000","30 Nov 2017","i8byM9nHVBT48m573ZYpRUhn1Z63"
"i8byM9nHVBT48m573ZYpRUhn1Z63","random","1","0.6667","8.16666668917828333","16855000001.0000","3.5000","4.1667","30 Nov 2017","i8byM9nHVBT48m573ZYpRUhn1Z63"
"i8byM9nHVBT48m573ZYpRUhn1Z63","mangled","1","1.0000","3.24738119284750000","6027.4286","1.7143","2.7143","30 Nov 2017","i8byM9nHVBT48m573ZYpRUhn1Z63"
"lWYPEj4yCUcYAhRFWGsGjCinqFr1","passphrase","1","-1.3750","14.40206321359342500","9742080398480665.7500","5.0000","3.6250","30 Nov 2017","lWYPEj4yCUcYAhRFWGsGjCinqFr1"
"lWYPEj4yCUcYAhRFWGsGjCinqFr1","predictable","1","-1.0000","6.11992595445730000","1318032.0000","3.0000","2.0000","30 Nov 2017","lWYPEj4yCUcYAhRFWGsGjCinqFr1"
"lWYPEj4yCUcYAhRFWGsGjCinqFr1","common","1","-0.2857","2.64151876766527143","759.5714","1.2857","1.0000","30 Nov 2017","lWYPEj4yCUcYAhRFWGsGjCinqFr1"
"lWYPEj4yCUcYAhRFWGsGjCinqFr1","random","1","-0.5000","9.00000001593133333","16668370000001.0000","3.5000","3.0000","30 Nov 2017","lWYPEj4yCUcYAhRFWGsGjCinqFr1"
"lWYPEj4yCUcYAhRFWGsGjCinqFr1","mangled","1","-0.8000","3.91522840339448000","8968.4000","2.0000","1.2000","30 Nov 2017","lWYPEj4yCUcYAhRFWGsGjCinqFr1"
"m0gNTQNS19X4emXEzqEKtTRYIMs1","predictable","1","0.6667","5.77567961022233333","1359952.0000","2.3333","3.0000","30 Nov 2017","m0gNTQNS19X4emXEzqEKtTRYIMs1"
"m0gNTQNS19X4emXEzqEKtTRYIMs1","common","1","-1.0000","3.27816741518770000","1899.5000","2.0000","1.0000","30 Nov 2017","m0gNTQNS19X4emXEzqEKtTRYIMs1"
"m0gNTQNS19X4emXEzqEKtTRYIMs1","random","1","-0.3333","10.66666666812876667","33336700000001.0000","4.0000","3.6667","30 Nov 2017","m0gNTQNS19X4emXEzqEKtTRYIMs1"
"m0gNTQNS19X4emXEzqEKtTRYIMs1","mangled","1","0.5000","3.57282618897025000","7042.0000","2.0000","2.5000","30 Nov 2017","m0gNTQNS19X4emXEzqEKtTRYIMs1"
"m0gNTQNS19X4emXEzqEKtTRYIMs1","passphrase","1","-1.1250","13.64229479862108750","19981674537263071.7500","4.8750","3.7500","30 Nov 2017","m0gNTQNS19X4emXEzqEKtTRYIMs1"
"nlHxjW6LZXaRs0c9GKPUlC2QWta2","mangled","1","1.2500","3.41710629574970000","4539.0000","1.7500","3.0000","26 Dec 2017","nlHxjW6LZXaRs0c9GKPUlC2QWta2"
"nlHxjW6LZXaRs0c9GKPUlC2QWta2","passphrase","1","-1.8571","10.31598423623552857","19791009413225.1429","4.5714","2.7143","26 Dec 2017","nlHxjW6LZXaRs0c9GKPUlC2QWta2"
"nlHxjW6LZXaRs0c9GKPUlC2QWta2","predictable","1","1.0000","6.11879362794430000","1314600.0000","3.0000","4.0000","26 Dec 2017","nlHxjW6LZXaRs0c9GKPUlC2QWta2"
"nlHxjW6LZXaRs0c9GKPUlC2QWta2","common","1","-0.6667","3.12159959501603333","1336.3333","2.0000","1.3333","26 Dec 2017","nlHxjW6LZXaRs0c9GKPUlC2QWta2"
"nlHxjW6LZXaRs0c9GKPUlC2QWta2","random","1","0.0000","15.00000000000000000","1000000000000001.0000","5.0000","5.0000","26 Dec 2017","nlHxjW6LZXaRs0c9GKPUlC2QWta2"
"p0NUhLCLLRcd5NXfbUQYKyuIuyC2","random","1","0.5000","11.00000002171470000","500000005000001.0000","4.0000","4.5000","16 Jan 2018","p0NUhLCLLRcd5NXfbUQYKyuIuyC2"
"p0NUhLCLLRcd5NXfbUQYKyuIuyC2","mangled","1","0.2857","3.68935889865511429","7224.7143","2.0000","2.2857","16 Jan 2018","p0NUhLCLLRcd5NXfbUQYKyuIuyC2"
"p0NUhLCLLRcd5NXfbUQYKyuIuyC2","passphrase","1","-3.0000","12.42028269219532000","19690128972689244.4000","4.8000","1.8000","16 Jan 2018","p0NUhLCLLRcd5NXfbUQYKyuIuyC2"
"p0NUhLCLLRcd5NXfbUQYKyuIuyC2","predictable","1","-0.4000","5.97259357149578000","1753361.6000","2.6000","2.2000","16 Jan 2018","p0NUhLCLLRcd5NXfbUQYKyuIuyC2"
"p0NUhLCLLRcd5NXfbUQYKyuIuyC2","common","1","-0.3333","2.96420035848700000","1003.3333","1.3333","1.0000","16 Jan 2018","p0NUhLCLLRcd5NXfbUQYKyuIuyC2"
"pXvPWtzFrTTffUA44AMUBLzYPdN2","passphrase","1","-2.2000","15.19370244869514000","38848280672827096.0000","4.8000","2.6000","30 Nov 2017","pXvPWtzFrTTffUA44AMUBLzYPdN2"
"pXvPWtzFrTTffUA44AMUBLzYPdN2","predictable","1","-1.4000","5.92461738483024000","1355281.6000","2.4000","1.0000","30 Nov 2017","pXvPWtzFrTTffUA44AMUBLzYPdN2"
"pXvPWtzFrTTffUA44AMUBLzYPdN2","common","1","0.0000","2.44692247613320000","286.0000","1.0000","1.0000","30 Nov 2017","pXvPWtzFrTTffUA44AMUBLzYPdN2"
"pXvPWtzFrTTffUA44AMUBLzYPdN2","random","1","-0.5000","7.00000004342940000","10000001.0000","3.0000","2.5000","30 Nov 2017","pXvPWtzFrTTffUA44AMUBLzYPdN2"
"pXvPWtzFrTTffUA44AMUBLzYPdN2","mangled","1","0.0000","3.37579680601931250","4259.6250","1.8750","1.8750","30 Nov 2017","pXvPWtzFrTTffUA44AMUBLzYPdN2"
"qVJplP6zo7Z6zH9V3NViVj58uLm2","random","1","-3.0000","10.16666667441884167","17585260000834.2500","4.0833","1.0833","30 Nov 2017","qVJplP6zo7Z6zH9V3NViVj58uLm2"
"qVJplP6zo7Z6zH9V3NViVj58uLm2","mangled","1","-0.5000","3.70591568226050000","5329.0000","2.0000","1.5000","30 Nov 2017","qVJplP6zo7Z6zH9V3NViVj58uLm2"
"qVJplP6zo7Z6zH9V3NViVj58uLm2","passphrase","1","-2.5714","13.07163684050121429","14964943709390528.0000","4.5714","2.0000","30 Nov 2017","qVJplP6zo7Z6zH9V3NViVj58uLm2"
"qVJplP6zo7Z6zH9V3NViVj58uLm2","predictable","1","0.0000","5.93081230596248000","1180859.2000","2.4000","2.4000","30 Nov 2017","qVJplP6zo7Z6zH9V3NViVj58uLm2"
"qVJplP6zo7Z6zH9V3NViVj58uLm2","common","1","-0.4000","2.99787644423274000","1140.2000","1.4000","1.0000","30 Nov 2017","qVJplP6zo7Z6zH9V3NViVj58uLm2"
"r6wAYuixcnOI2cpQE0qGmXLdJv22","predictable","1","-1.0000","5.60913175989385000","2774650.8333","2.3333","1.3333","30 Nov 2017","r6wAYuixcnOI2cpQE0qGmXLdJv22"
"r6wAYuixcnOI2cpQE0qGmXLdJv22","common","1","-0.0833","2.88541182454215000","1183.0000","1.6667","1.5833","30 Nov 2017","r6wAYuixcnOI2cpQE0qGmXLdJv22"
"r6wAYuixcnOI2cpQE0qGmXLdJv22","random","1","-0.7500","7.50000003800126250","12508750001.0000","3.2500","2.5000","30 Nov 2017","r6wAYuixcnOI2cpQE0qGmXLdJv22"
"r6wAYuixcnOI2cpQE0qGmXLdJv22","mangled","1","-0.3333","3.70810659715973333","6994.0000","2.0000","1.6667","30 Nov 2017","r6wAYuixcnOI2cpQE0qGmXLdJv22"
"r6wAYuixcnOI2cpQE0qGmXLdJv22","passphrase","1","-2.8333","13.14186584684453333","36017091311245156.3333","4.6667","1.8333","30 Nov 2017","r6wAYuixcnOI2cpQE0qGmXLdJv22"
"sFTramIwYGb6DZbz53dqpxWTzhX2","passphrase","1","-2.1429","13.85128924284242857","22774675865373582.8571","4.8571","2.7143","20 Nov 2017","sFTramIwYGb6DZbz53dqpxWTzhX2"
"sFTramIwYGb6DZbz53dqpxWTzhX2","predictable","1","0.7778","5.82787057604492222","1121219.5556","2.4444","3.2222","20 Nov 2017","sFTramIwYGb6DZbz53dqpxWTzhX2"
"sFTramIwYGb6DZbz53dqpxWTzhX2","common","1","0.3333","3.06750546196603333","1383.8333","1.6667","2.0000","20 Nov 2017","sFTramIwYGb6DZbz53dqpxWTzhX2"
"sFTramIwYGb6DZbz53dqpxWTzhX2","random","1","-0.4000","10.33404937359100000","29362024000000.8000","4.0000","3.6000","20 Nov 2017","sFTramIwYGb6DZbz53dqpxWTzhX2"
"sFTramIwYGb6DZbz53dqpxWTzhX2","mangled","1","0.4000","3.42418633312836000","4098.2000","1.8000","2.2000","20 Nov 2017","sFTramIwYGb6DZbz53dqpxWTzhX2"
"sW36OCE0oEQpvod1bTqkgGWTnUY2","predictable","1","0.0000","6.87510758566600000","7500800.0000","3.0000","3.0000","18 Jan 2018","sW36OCE0oEQpvod1bTqkgGWTnUY2"
"sW36OCE0oEQpvod1bTqkgGWTnUY2","common","1","-0.2500","2.75177376633195000","750.0000","1.2500","1.0000","18 Jan 2018","sW36OCE0oEQpvod1bTqkgGWTnUY2"
"sW36OCE0oEQpvod1bTqkgGWTnUY2","random","1","-1.0000","11.74707730396925000","656000005000.5000","5.0000","4.0000","18 Jan 2018","sW36OCE0oEQpvod1bTqkgGWTnUY2"
"sW36OCE0oEQpvod1bTqkgGWTnUY2","mangled","1","1.0000","3.84804304478995000","7051.0000","2.0000","3.0000","18 Jan 2018","sW36OCE0oEQpvod1bTqkgGWTnUY2"
"sW36OCE0oEQpvod1bTqkgGWTnUY2","passphrase","1","-3.5000","13.62803209231615000","51053370558389266.0000","5.0000","1.5000","18 Jan 2018","sW36OCE0oEQpvod1bTqkgGWTnUY2"
"tKkNei6f0AeKrUPE1P9zTDUa2Ni1","random","1","-0.1667","11.00000001454885000","335000170000001.0000","4.1667","4.0000","7 Nov 2017","tKkNei6f0AeKrUPE1P9zTDUa2Ni1"
"tKkNei6f0AeKrUPE1P9zTDUa2Ni1","mangled","1","0.1333","3.64494002195350667","9869.4000","1.8667","2.0000","7 Nov 2017","tKkNei6f0AeKrUPE1P9zTDUa2Ni1"
"tKkNei6f0AeKrUPE1P9zTDUa2Ni1","passphrase","1","-0.1429","13.45588938021244286","31950348717045700.0000","4.8571","4.7143","7 Nov 2017","tKkNei6f0AeKrUPE1P9zTDUa2Ni1"
"tKkNei6f0AeKrUPE1P9zTDUa2Ni1","predictable","1","-0.5000","6.03169524319918000","2388792.0000","2.5000","2.0000","7 Nov 2017","tKkNei6f0AeKrUPE1P9zTDUa2Ni1"
"tKkNei6f0AeKrUPE1P9zTDUa2Ni1","common","1","-0.1111","2.82631920425122222","883.2222","1.3333","1.2222","7 Nov 2017","tKkNei6f0AeKrUPE1P9zTDUa2Ni1"
"teU3rpHrfAcmyDTfgdpAtvHoT8i1","random","1","-0.4000","9.13406775428312000","2093626000000.8000","3.8000","3.4000","6 Dec 2017","teU3rpHrfAcmyDTfgdpAtvHoT8i1"
"teU3rpHrfAcmyDTfgdpAtvHoT8i1","mangled","1","0.6000","3.42949031802984000","3681.0000","1.8000","2.4000","6 Dec 2017","teU3rpHrfAcmyDTfgdpAtvHoT8i1"
"teU3rpHrfAcmyDTfgdpAtvHoT8i1","passphrase","1","-1.0000","13.68682321747545000","37071784099470022.0000","5.0000","4.0000","6 Dec 2017","teU3rpHrfAcmyDTfgdpAtvHoT8i1"
"teU3rpHrfAcmyDTfgdpAtvHoT8i1","predictable","1","-0.5000","6.15675091527465000","2251690.8000","2.7000","2.2000","6 Dec 2017","teU3rpHrfAcmyDTfgdpAtvHoT8i1"
"teU3rpHrfAcmyDTfgdpAtvHoT8i1","common","1","0.2000","2.74349463731591000","875.4000","1.4000","1.6000","6 Dec 2017","teU3rpHrfAcmyDTfgdpAtvHoT8i1"
"vrf9isbPxrbl143gZOLGYi3pSm33","predictable","1","1.0000","6.09261299711053333","2173794.6667","2.3333","3.3333","6 Dec 2017","vrf9isbPxrbl143gZOLGYi3pSm33"
"vrf9isbPxrbl143gZOLGYi3pSm33","common","1","0.0000","2.65902566282578750","765.1250","1.3750","1.3750","6 Dec 2017","vrf9isbPxrbl143gZOLGYi3pSm33"
"vrf9isbPxrbl143gZOLGYi3pSm33","random","1","0.0000","10.60000000916450000","102120112000001.0000","4.3000","4.3000","6 Dec 2017","vrf9isbPxrbl143gZOLGYi3pSm33"
"vrf9isbPxrbl143gZOLGYi3pSm33","mangled","1","1.0000","3.44983019346453333","2878.3333","2.0000","3.0000","6 Dec 2017","vrf9isbPxrbl143gZOLGYi3pSm33"
"vrf9isbPxrbl143gZOLGYi3pSm33","passphrase","1","-1.3333","11.78764474221673333","4792445568449704.0000","4.6667","3.3333","6 Dec 2017","vrf9isbPxrbl143gZOLGYi3pSm33"
"wfdFATpTIkc5iIRu5L3Q76fBC1r1","random","1","-0.6667","11.00000014477923333","3340000003334.0000","4.6667","4.0000","6 Dec 2017","wfdFATpTIkc5iIRu5L3Q76fBC1r1"
"wfdFATpTIkc5iIRu5L3Q76fBC1r1","mangled","1","0.4286","3.23943516614168571","9256.5714","1.8571","2.2857","6 Dec 2017","wfdFATpTIkc5iIRu5L3Q76fBC1r1"
"wfdFATpTIkc5iIRu5L3Q76fBC1r1","passphrase","1","-1.3333","9.88325458555383333","51078434496.0000","4.3333","3.0000","6 Dec 2017","wfdFATpTIkc5iIRu5L3Q76fBC1r1"
"wfdFATpTIkc5iIRu5L3Q76fBC1r1","predictable","1","-0.6667","6.25329830121876667","3730818.6667","2.6667","2.0000","6 Dec 2017","wfdFATpTIkc5iIRu5L3Q76fBC1r1"
"wfdFATpTIkc5iIRu5L3Q76fBC1r1","common","1","0.0000","2.96253222105100000","1053.0000","1.5000","1.5000","6 Dec 2017","wfdFATpTIkc5iIRu5L3Q76fBC1r1"
"xOwSSbO9a0U7oHae3erCTWabm7c2","passphrase","1","-1.5000","11.52797918135198333","7621167153705055.3333","4.3333","2.8333","20 Nov 2017","xOwSSbO9a0U7oHae3erCTWabm7c2"
"xOwSSbO9a0U7oHae3erCTWabm7c2","predictable","1","-0.2222","5.88480034823881111","2422477.7778","2.4444","2.2222","20 Nov 2017","xOwSSbO9a0U7oHae3erCTWabm7c2"
"xOwSSbO9a0U7oHae3erCTWabm7c2","common","1","-0.3333","2.87749966014335000","969.1667","1.3333","1.0000","20 Nov 2017","xOwSSbO9a0U7oHae3erCTWabm7c2"
"xOwSSbO9a0U7oHae3erCTWabm7c2","random","1","-0.5000","10.50000002171470000","50000005000001.0000","4.0000","3.5000","20 Nov 2017","xOwSSbO9a0U7oHae3erCTWabm7c2"
"xOwSSbO9a0U7oHae3erCTWabm7c2","mangled","1","-0.1429","2.93169381269148571","2865.2857","1.4286","1.2857","20 Nov 2017","xOwSSbO9a0U7oHae3erCTWabm7c2"
"yFYuZHbVnwfomLFaGrXEr95mYNC3","predictable","1","0.1667","5.96373141047450000","1390608.0000","2.3333","2.5000","30 Nov 2017","yFYuZHbVnwfomLFaGrXEr95mYNC3"
"yFYuZHbVnwfomLFaGrXEr95mYNC3","common","1","-0.5000","3.13071085914307500","1389.2500","1.7500","1.2500","30 Nov 2017","yFYuZHbVnwfomLFaGrXEr95mYNC3"
"yFYuZHbVnwfomLFaGrXEr95mYNC3","random","1","0.1667","11.33333334058023333","183368335000001.0000","4.5000","4.6667","30 Nov 2017","yFYuZHbVnwfomLFaGrXEr95mYNC3"
"yFYuZHbVnwfomLFaGrXEr95mYNC3","mangled","1","2.0000","0.47712125471970000","3.0000","1.0000","3.0000","30 Nov 2017","yFYuZHbVnwfomLFaGrXEr95mYNC3"
"yFYuZHbVnwfomLFaGrXEr95mYNC3","passphrase","1","-1.3333","10.32163732025263333","1453914742384.0000","4.3333","3.0000","30 Nov 2017","yFYuZHbVnwfomLFaGrXEr95mYNC3"
"yIFXstVRZvZpg5eIrxtO43ALT4i2","mangled","1","1.0000","4.56560941189320000","158389.7500","2.0000","3.0000","30 Nov 2017","yIFXstVRZvZpg5eIrxtO43ALT4i2"
"yIFXstVRZvZpg5eIrxtO43ALT4i2","passphrase","1","-1.0000","9.02967997102490000","1070730000.0000","4.0000","3.0000","30 Nov 2017","yIFXstVRZvZpg5eIrxtO43ALT4i2"
"yIFXstVRZvZpg5eIrxtO43ALT4i2","predictable","1","-1.6667","6.13094854561083333","2299517.3333","2.6667","1.0000","30 Nov 2017","yIFXstVRZvZpg5eIrxtO43ALT4i2"
"yIFXstVRZvZpg5eIrxtO43ALT4i2","common","1","-1.0000","3.24204423936960000","1746.0000","2.0000","1.0000","30 Nov 2017","yIFXstVRZvZpg5eIrxtO43ALT4i2"
"yIFXstVRZvZpg5eIrxtO43ALT4i2","random","1","0.4286","9.59941425467111429","144428575938572.2857","3.8571","4.2857","30 Nov 2017","yIFXstVRZvZpg5eIrxtO43ALT4i2"
